category,cardNumber,parallel,isAuto,printRun,player,parallelNote
auto-autographs,47,,true,,Ivan Johnson,
auto-autographs,58,,true,,Kevin Willis,
base,250,,false,,John Jenkins,
base,9,,false,,Devin Harris,
base,125,,false,,Al Horford,
base,152,,false,,Pete Maravich,
base,50,,false,,Jeff Teague,
auto-autographs,75,,true,,Mike Scott,
base,100,,false,,Louis Williams,
base,188,,false,,Dominique Wilkins,
base,150,,false,,Josh Smith,
base,133,,false,,Jason Terry,
insert-finalists,33,,false,,Ray Allen,
base,258,,false,,Jared Sullinger,
insert-finalists,32,,false,,Kevin Garnett,
insert-finalists,31,,false,,Paul Pierce,
base,259,,false,,Fab Melo,
insert-finalists,30,,false,,Rajon Rondo,
auto-autographs,26,,true,,Jared Sullinger,
insert-most-valuable-players,20,,false,,Dave Cowens,
base,153,,false,,Bill Russell,
insert-most-valuable-players,14,,false,,Larry Bird,
base,180,,false,,Sam Jones,
insert-most-valuable-players,24,,false,,Bill Russell,
base,62,,false,,Brandon Bass,
base,2,,false,,Paul Pierce,
insert-finalists,16,,false,,Robert Parish,
insert-downtown-bound,18,,false,,Paul Pierce,
insert-finalists,13,,false,,Larry Bird,
auto-autographs,57,,true,,Fab Melo,
base,292,,false,,Kris Joseph,
base,33,,false,,Kevin Garnett,
insert-finalists,1,,false,,Bill Russell,
base,107,,false,,Rajon Rondo,
base,163,,false,,Larry Bird,
base,75,,false,,Avery Bradley,
auto-autographs,12,,true,,MarShon Brooks,
base,167,,false,,Derrick Coleman,
base,287,,false,,Tyshawn Taylor,
base,149,,false,,Joe Johnson,
auto-autographs,27,,true,,Kenny Anderson,
base,117,,false,,Brook Lopez,
base,87,,false,,Gerald Wallace,
insert-downtown-bound,20,,false,,Joe Johnson,
insert-downtown-bound,22,,false,,Deron Williams,
auto-autographs,64,,true,,Walter Berry,
auto-autographs,83,,true,,Tyshawn Taylor,
base,202,,false,,MarShon Brooks,
base,7,,false,,Deron Williams,
insert-most-valuable-players,19,,false,,Bob McAdoo,
base,58,,false,,Ramon Sessions,
auto-autographs,41,,true,,Kemba Walker,
base,225,,false,,Kemba Walker,
auto-autographs,6,,true,,Michael Kidd-Gilchrist,
base,129,,false,,Ben Gordon,
base,26,,false,,Brendan Haywood,
auto-autographs,92,,true,,Jeff Taylor,
base,213,,false,,Bismack Biyombo,
base,96,,false,,Tyrus Thomas,
base,277,,false,,Jeff Taylor,
base,273,,false,,Cory Higgins,
base,237,,false,,Michael Kidd-Gilchrist,
auto-autographs,74,,true,,Larry Johnson,
auto-autographs,31,,true,,Rex Chapman,
base,165,,false,,Larry Johnson,
base,192,,false,,Toni Kukoc,
base,162,,false,,Horace Grant,
base,157,,false,,Dennis Rodman,
auto-autographs,37,,true,,Steve Kerr,
base,12,,false,,Kirk Hinrich,
insert-most-valuable-players,2,,false,,Derrick Rose,
base,38,,false,,Marco Belinelli,
auto-autographs,32,,true,,Reggie Theus,
insert-finalists,29,,false,,Toni Kukoc,
base,53,,false,,Carlos Boozer,
base,264,,false,,Marquis Teague,
base,73,,false,,Luol Deng,
insert-finalists,14,,false,,Dennis Rodman,
insert-finalists,4,,false,,Scottie Pippen,
base,114,,false,,Joakim Noah,
base,205,,false,,Jimmy Butler,
auto-autographs,91,,true,,Marquis Teague,
auto-autographs,28,,true,,Marco Belinelli,
auto-autographs,98,,true,,Jimmy Butler,
base,176,,false,,Scottie Pippen,
base,145,,false,,Derrick Rose,
insert-most-valuable-players,25,,false,,Oscar Robertson,
auto-autographs,96,,true,,Dion Waiters,
base,190,,false,,Zydrunas Ilgauskas,
auto-autographs,44,,true,,Tyler Zeller,
auto-autographs,35,,true,,Tristan Thompson,
auto-autographs,45,,true,,Zydrunas Ilgauskas,
base,121,,false,,Daniel Gibson,
base,201,,false,,Kyrie Irving,
base,242,,false,,Dion Waiters,
base,90,,false,,Anderson Varejao,
base,268,,false,,Donald Sloan,
auto-autographs,56,,true,,Lenny Wilkens,
auto-autographs,4,,true,,Kyrie Irving,
base,269,,false,,Jon Leuer,
base,254,,false,,Tyler Zeller,
insert-downtown-bound,13,,false,,Kyrie Irving,
base,223,,false,,Tristan Thompson,
base,63,,false,,Dirk Nowitzki,
base,143,,false,,O.J. Mayo,
auto-autographs,21,,true,,Bernard James,
base,278,,false,,Jae Crowder,
auto-autographs,79,,true,,Rolando Blackman,
base,281,,false,,Bernard James,
auto-autographs,49,,true,,Jared Cunningham,
base,102,,false,,Chris Kaman,
base,36,,false,,Vince Carter,
insert-finalists,37,,false,,Jason Terry,
base,164,,false,,Rolando Blackman,
insert-downtown-bound,2,,false,,Dirk Nowitzki,
base,170,,false,,Mark Aguirre,
auto-autographs,29,,true,,Michael Finley,
base,124,,false,,Shawn Marion,
insert-most-valuable-players,4,,false,,Dirk Nowitzki,
auto-autographs,94,,true,,Jae Crowder,
base,6,,false,,Elton Brand,
base,260,,false,,Jared Cunningham,
insert-finalists,19,,false,,Dirk Nowitzki,
insert-finalists,20,,false,,Jason Kidd,
insert-finalists,21,,false,,Tyson Chandler,
auto-autographs,8,,true,,Alex English,
base,104,,false,,Ty Lawson,
base,284,,false,,Quincy Miller,
base,130,,false,,Andre Miller,
base,28,,false,,Andre Iguodala,
base,211,,false,,Jordan Hamilton,
auto-autographs,10,,true,,Kenneth Faried,
base,208,,false,,Kenneth Faried,
base,59,,false,,Danilo Gallinari,
base,293,,false,,Julyan Stone,
auto-autographs,61,,true,,Quincy Miller,
base,257,,false,,Evan Fournier,
auto-autographs,84,,true,,Evan Fournier,
base,161,,false,,David Thompson,
base,39,,false,,Corey Brewer,
base,285,,false,,Khris Middleton,
insert-finalists,24,,false,,Chauncey Billups,
base,290,,false,,Kim English,
base,234,,false,,Kyle Singler,
base,68,,false,,Corey Maggette,
base,17,,false,,Tayshaun Prince,
insert-finalists,27,,false,,Joe Dumars,
insert-finalists,26,,false,,Isiah Thomas,
auto-autographs,7,,true,,Brandon Knight,
base,247,,false,,Andre Drummond,
auto-autographs,59,,true,,Kim English,
insert-finalists,2,,false,,Bill Laimbeer,
base,138,,false,,Charlie Villanueva,
base,109,,false,,Rodney Stuckey,
base,183,,false,,Bill Laimbeer,
base,207,,false,,Brandon Knight,
base,182,,false,,Isiah Thomas,
base,72,,false,,Stephen Curry,
base,16,,false,,Andris Biedrins,
base,43,,false,,Andrew Bogut,
base,92,,false,,David Lee,
insert-downtown-bound,25,,false,,Brandon Rush,
insert-downtown-bound,24,,false,,Klay Thompson,
base,123,,false,,Brandon Rush,
insert-downtown-bound,7,,false,,Stephen Curry,
base,185,,false,,Chris Mullin,
base,189,,false,,Tim Hardaway,
auto-autographs,95,,true,,Draymond Green,
auto-autographs,93,,true,,Festus Ezeli,
base,203,,false,,Klay Thompson,
auto-autographs,85,,true,,Charles Jenkins,
base,232,,false,,Charles Jenkins,
base,233,,false,,Jeremy Tyler,
base,282,,false,,Draymond Green,
base,246,,false,,Harrison Barnes,
base,261,,false,,Festus Ezeli,
auto-autographs,100,,true,,E'Twaun Moore,
auto-autographs,73,,true,,Chandler Parsons,
base,198,,false,,Yao Ming,
base,199,,false,,Dikembe Mutombo,
insert-most-valuable-players,12,,false,,Hakeem Olajuwon,
base,241,,false,,Jeremy Lamb,
base,137,,false,,Toney Douglas,
base,8,,false,,Omer Asik,
base,171,,false,,Rudy Tomjanovich,
insert-finalists,11,,false,,Robert Horry,
auto-autographs,62,,true,,Ralph Sampson,
insert-finalists,25,,false,,Hakeem Olajuwon,
base,82,,false,,Kevin Martin,
insert-downtown-bound,10,,false,,Jeremy Lin,
base,253,,false,,Royce White,
base,255,,false,,Terrence Jones,
base,112,,false,,Jon Brockman,
auto-autographs,90,,true,,Jeremy Lamb,
base,215,,false,,Marcus Morris,
base,216,,false,,Chandler Parsons,
base,291,,false,,Scott Machado,
auto-autographs,82,,true,,Terrence Jones,
auto-autographs,80,,true,,Royce White,
base,34,,false,,Jeremy Lin,
base,228,,false,,JaJuan Johnson,
base,155,,false,,Hakeem Olajuwon,
insert-finalists,35,,false,,Clyde Drexler,
base,30,,false,,Paul George,
base,279,,false,,Orlando Johnson,
base,64,,false,,Roy Hibbert,
base,263,,false,,Miles Plumlee,
base,5,,false,,Danny Granger,
auto-autographs,55,,true,,Miles Plumlee,
auto-autographs,17,,true,,George McGinnis,
base,140,,false,,George Hill,
insert-downtown-bound,23,,false,,Danny Granger,
base,98,,false,,Tyler Hansbrough,
auto-autographs,65,,true,,Nate Archibald,
base,19,,false,,Chris Paul,
base,89,,false,,Caron Butler,
base,32,,false,,Blake Griffin,
base,54,,false,,Grant Hill,
auto-autographs,3,,true,,Blake Griffin,
insert-downtown-bound,14,,false,,Chris Paul,
base,122,,false,,Chauncey Billups,
base,27,,false,,DeAndre Jordan,
insert-finalists,12,,false,,Magic Johnson,
insert-downtown-bound,6,,false,,Kobe Bryant,
base,166,,false,,Shaquille O'Neal,
base,178,,false,,Elgin Baylor,
base,151,,false,,Wilt Chamberlain,
base,181,,false,,Magic Johnson,
base,172,,false,,Jerry West,
insert-most-valuable-players,13,,false,,Magic Johnson,
base,159,,false,,Kareem Abdul-Jabbar,
auto-autographs,43,,true,,Vlade Divac,
insert-most-valuable-players,9,,false,,Shaquille O'Neal,
base,193,,false,,James Worthy,
base,194,,false,,Vlade Divac,
insert-most-valuable-players,17,,false,,Kareem Abdul-Jabbar,
insert-most-valuable-players,3,,false,,Kobe Bryant,
auto-autographs,1,,true,,Kobe Bryant,
base,299,,false,,Darius Johnson-Odom,
base,24,,false,,Kobe Bryant,
base,295,,false,,Robert Sacre,
base,113,,false,,Steve Nash,
base,147,,false,,Metta World Peace,
auto-autographs,86,,true,,Darius Johnson-Odom,
insert-finalists,3,,false,,Kareem Abdul-Jabbar,
base,103,,false,,Jodie Meeks,
insert-finalists,5,,false,,Kobe Bryant,
insert-finalists,36,,false,,Pau Gasol,
base,4,,false,,Dwight Howard,
auto-autographs,71,,true,,Andrew Goudelock,
insert-finalists,10,,false,,Shaquille O'Neal,
base,45,,false,,Pau Gasol,
auto-autographs,53,,true,,Kurt Rambis,
base,243,,false,,Darius Morris,
base,88,,false,,Antawn Jamison,
auto-autographs,33,,true,,Robert Sacre,
base,271,,false,,Andrew Goudelock,
insert-finalists,15,,false,,Derek Fisher,
insert-finalists,17,,false,,Kurt Rambis,
insert-downtown-bound,4,,false,,Steve Nash,
insert-finalists,28,,false,,James Worthy,
base,262,,false,,Tony Wroten,
base,136,,false,,Marreese Speights,
base,110,,false,,Zach Randolph,
base,76,,false,,Rudy Gay,
base,51,,false,,Marc Gasol,
base,31,,false,,Mike Conley,
base,289,,false,,Josh Selby,
auto-autographs,46,,true,,Tony Wroten,
base,296,,false,,Darrell Arthur,
base,132,,false,,Udonis Haslem,
insert-downtown-bound,9,,false,,LeBron James,
base,206,,false,,Norris Cole,
insert-downtown-bound,17,,false,,Shane Battier,
base,200,,false,,Alonzo Mourning,
base,1,,false,,LeBron James,
base,116,,false,,Chris Bosh,
insert-downtown-bound,1,,false,,Ray Allen,
base,93,,false,,Shane Battier,
base,77,,false,,Dwyane Wade,
auto-autographs,51,,true,,Justin Hamilton,
insert-finalists,7,,false,,Dwyane Wade,
insert-finalists,6,,false,,LeBron James,
base,37,,false,,Ray Allen,
auto-autographs,77,,true,,Norris Cole,
insert-downtown-bound,8,,false,,Dwyane Wade,
base,148,,false,,Mario Chalmers,
insert-finalists,18,,false,,Chris Bosh,
insert-finalists,22,,false,,Mario Chalmers,
insert-downtown-bound,15,,false,,Mario Chalmers,
base,275,,false,,Terrel Harris,
insert-most-valuable-players,1,,false,,LeBron James,
base,79,,false,,Brandon Jennings,
base,251,,false,,John Henson,
auto-autographs,68,,true,,John Henson,
base,288,,false,,Doron Lamb,
base,144,,false,,Ersan Ilyasova,
base,219,,false,,Tobias Harris,
insert-downtown-bound,11,,false,,Brandon Jennings,
base,119,,false,,Luc Richard Mbah a Moute,
base,154,,false,,Oscar Robertson,
auto-autographs,34,,true,,Sidney Moncrief,
auto-autographs,54,,true,,Kareem Abdul-Jabbar,
auto-autographs,15,,true,,Clyde Lovellette,
base,173,,false,,George Mikan,
base,97,,false,,J.J. Barea,
base,226,,false,,Derrick Williams,
base,276,,false,,Malcolm Lee,
base,135,,false,,Kevin Love,
auto-autographs,99,,true,,Malcolm Lee,
insert-most-valuable-players,6,,false,,Kevin Garnett,
insert-downtown-bound,12,,false,,Kevin Love,
base,300,,false,,Greg Stiemsma,
base,70,,false,,Luke Ridnour,
base,115,,false,,Chase Budinger,
base,48,,false,,Ricky Rubio,
auto-autographs,87,,true,,Greg Stiemsma,
auto-autographs,13,,true,,Austin Rivers,
base,236,,false,,Anthony Davis,
base,18,,false,,Al-Farouq Aminu,
base,42,,false,,Eric Gordon,
base,61,,false,,Ryan Anderson,
base,240,,false,,Austin Rivers,
base,272,,false,,Lance Thomas,
base,298,,false,,Darius Miller,
auto-autographs,5,,true,,Anthony Davis,
auto-autographs,42,,true,,Lance Thomas,
insert-downtown-bound,16,,false,,Ryan Anderson,
base,71,,false,,Carmelo Anthony,
base,142,,false,,Raymond Felton,
base,111,,false,,Steve Novak,
base,81,,false,,Jason Kidd,
auto-autographs,70,,true,,Allan Houston,
base,184,,false,,Patrick Ewing,
base,179,,false,,Charles Oakley,
auto-autographs,11,,true,,Iman Shumpert,
base,15,,false,,Amare Stoudemire,
auto-autographs,19,,true,,John Starks,
base,41,,false,,Tyson Chandler,
base,270,,false,,John Shurna,
insert-downtown-bound,3,,false,,Steve Novak,
base,217,,false,,Iman Shumpert,
auto-autographs,60,,true,,Harry Gallatin,
insert-most-valuable-players,21,,false,,Willis Reed,
insert-downtown-bound,5,,false,,Kevin Durant,
base,294,,false,,DeAndre Liggins,
base,197,,false,,Shawn Kemp,
base,127,,false,,Daequan Cook,
base,35,,false,,Kevin Durant,
auto-autographs,16,,true,,Gary Payton,
base,69,,false,,Serge Ibaka,
base,47,,false,,Russell Westbrook,
base,52,,false,,Hollis Thompson,
auto-autographs,22,,true,,Reggie Jackson,
base,95,,false,,James Harden,
insert-downtown-bound,21,,false,,Russell Westbrook,
base,134,,false,,Nick Collison,
auto-autographs,78,,true,,Perry Jones,
base,210,,false,,Reggie Jackson,
auto-autographs,76,,true,,DeAndre Liggins,
base,57,,false,,Kendrick Perkins,
base,265,,false,,Perry Jones,
base,14,,false,,Thabo Sefolosha,
insert-downtown-bound,19,,false,,James Harden,
auto-autographs,2,,true,,Kevin Durant,
base,297,,false,,Kyle O'Quinn,
base,11,,false,,Arron Afflalo,
auto-autographs,40,,true,,Nikola Vucevic,
base,40,,false,,Glen Davis,
base,267,,false,,Nikola Vucevic,
base,256,,false,,Andrew Nicholson,
base,252,,false,,E'Twaun Moore,
base,74,,false,,J.J. Redick,
auto-autographs,72,,true,,Andrew Nicholson,
base,231,,false,,Gustavo Ayon,
base,229,,false,,Justin Harper,
base,86,,false,,Al Harrington,
base,108,,false,,Hedo Turkoglu,
base,160,,false,,Anfernee Hardaway,
base,235,,false,,Lavoy Allen,
base,78,,false,,Thaddeus Young,
auto-autographs,66,,true,,Lavoy Allen,
base,56,,false,,Evan Turner,
base,266,,false,,Arnett Moultrie,
insert-most-valuable-players,8,,false,,Allen Iverson,
auto-autographs,9,,true,,World B. Free,
insert-most-valuable-players,15,,false,,Moses Malone,
auto-autographs,88,,true,,Arnett Moultrie,
base,131,,false,,Jason Richardson,
insert-most-valuable-players,16,,false,,Julius Erving,
base,3,,false,,Jrue Holiday,
base,187,,false,,Allen Iverson,
base,156,,false,,Julius Erving,
base,158,,false,,Maurice Cheeks,
base,169,,false,,Moses Malone,
base,83,,false,,Andrew Bynum,
insert-most-valuable-players,23,,false,,Wilt Chamberlain,
auto-autographs,50,,true,,Jeff Hornacek,
auto-autographs,18,,true,,Kendall Marshall,
base,249,,false,,Kendall Marshall,
base,218,,false,,Markieff Morris,
base,177,,false,,Danny Manning,
base,141,,false,,Marcin Gortat,
base,128,,false,,Goran Dragic,
base,106,,false,,Luis Scola,
base,66,,false,,Channing Frye,
insert-most-valuable-players,5,,false,,Steve Nash,
base,195,,false,,Terry Porter,
base,286,,false,,Will Barton,
base,29,,false,,Nicolas Batum,
base,221,,false,,Nolan Smith,
base,99,,false,,J.J. Hickson,
base,248,,false,,Meyers Leonard,
base,67,,false,,Wesley Matthews,
base,196,,false,,Bill Walton,
auto-autographs,52,,true,,Will Barton,
base,274,,false,,Elliot Williams,
insert-most-valuable-players,18,,false,,Bill Walton,
base,245,,false,,Damian Lillard,
auto-autographs,14,,true,,Meyers Leonard,
auto-autographs,39,,true,,Terry Porter,
base,13,,false,,LaMarcus Aldridge,
auto-autographs,30,,true,,Peja Stojakovic,
auto-autographs,63,,true,,Thomas Robinson,
auto-autographs,36,,true,,Jimmer Fredette,
base,10,,false,,DeMarcus Cousins,
base,212,,false,,Jimmer Fredette,
auto-autographs,24,,true,,Tyler Honeycutt,
base,222,,false,,Isaiah Thomas,
base,94,,false,,Jason Thompson,
base,244,,false,,Thomas Robinson,
base,44,,false,,Tyreke Evans,
insert-finalists,8,,false,,Tim Duncan,
insert-finalists,9,,false,,David Robinson,
base,23,,false,,Matt Bonner,
base,227,,false,,Cory Joseph,
insert-most-valuable-players,11,,false,,David Robinson,
base,120,,false,,Tony Parker,
insert-finalists,38,,false,,Michael Finley,
auto-autographs,23,,true,,Sean Elliott,
base,80,,false,,Manu Ginobili,
insert-finalists,34,,false,,Manu Ginobili,
base,191,,false,,George Gervin,
base,209,,false,,Kawhi Leonard,
base,49,,false,,Stephen Jackson,
base,139,,false,,Tiago Splitter,
base,101,,false,,Tim Duncan,
insert-most-valuable-players,7,,false,,Tim Duncan,
base,175,,false,,David Robinson,
insert-finalists,23,,false,,Tony Parker,
auto-autographs,67,,true,,Quincy Acy,
base,84,,false,,Kyle Lowry,
base,239,,false,,Terrence Ross,
auto-autographs,25,,true,,Jonas Valanciunas,
base,60,,false,,DeMar Derozan,
base,46,,false,,Jose Calderon,
base,280,,false,,Jonas Valanciunas,
base,283,,false,,Quincy Acy,
base,20,,false,,Andrea Bargnani,
auto-autographs,20,,true,,Terrence Ross,
insert-usa-basketball,6,,false,,Andre Iguodala,
insert-usa-basketball,1,,false,,Tyson Chandler,
insert-usa-basketball,8,,false,,Kevin Love,
insert-usa-basketball,11,,false,,Anthony Davis,
insert-usa-basketball,5,,false,,Deron Williams,
insert-usa-basketball,12,,false,,Carmelo Anthony,
insert-usa-basketball,7,,false,,Kobe Bryant,
insert-usa-basketball,4,,false,,Russell Westbrook,
insert-usa-basketball,9,,false,,James Harden,
insert-usa-basketball,10,,false,,Chris Paul,
insert-usa-basketball,3,,false,,LeBron James,
insert-usa-basketball,2,,false,,Kevin Durant,
base,174,,false,,Kelly Tripucka,
base,186,,false,,John Stockton,
base,85,,false,,Gordon Hayward,
base,25,,false,,Paul Millsap,
base,105,,false,,Derrick Favors,
insert-most-valuable-players,10,,false,,Karl Malone,
base,126,,false,,Raja Bell,
auto-autographs,38,,true,,Tom Chambers,
base,214,,false,,Enes Kanter,
base,168,,false,,Karl Malone,
base,204,,false,,Alec Burks,
base,55,,false,,Al Jefferson,
auto-autographs,69,,true,,Alec Burks,
base,118,,false,,Jordan Crawford,
base,65,,false,,Emeka Okafor,
base,224,,false,,Jan Vesely,
auto-autographs,81,,true,,Shelvin Mack,
auto-autographs,97,,true,,Chris Singleton,
auto-autographs,48,,true,,Jan Vesely,
base,21,,false,,Martell Webster,
base,22,,false,,John Wall,
base,91,,false,,Nene,
base,230,,false,,Shelvin Mack,
base,238,,false,,Bradley Beal,
auto-autographs,89,,true,,Bradley Beal,
base,220,,false,,Chris Singleton,
base,146,,false,,Trevor Ariza,
insert-most-valuable-players,22,,false,,Wes Unseld,
auto-autographs,47,Prizms,true,,Ivan Johnson,
auto-autographs,58,Prizms,true,,Kevin Willis,
base,250,Prizms,false,,John Jenkins,
base,250,Prizms Green,false,,John Jenkins,
base,250,Prizms Gold,false,,John Jenkins,
base,9,Prizms,false,,Devin Harris,
base,9,Prizms Green,false,,Devin Harris,
base,9,Prizms Gold,false,,Devin Harris,
base,125,Prizms,false,,Al Horford,
base,125,Prizms Green,false,,Al Horford,
base,125,Prizms Gold,false,,Al Horford,
base,152,Prizms,false,,Pete Maravich,
base,152,Prizms Green,false,,Pete Maravich,
base,152,Prizms Gold,false,,Pete Maravich,
base,50,Prizms,false,,Jeff Teague,
base,50,Prizms Green,false,,Jeff Teague,
base,50,Prizms Gold,false,,Jeff Teague,
auto-autographs,75,Prizms,true,,Mike Scott,
base,100,Prizms,false,,Louis Williams,
base,100,Prizms Green,false,,Louis Williams,
base,100,Prizms Gold,false,,Louis Williams,
base,188,Prizms,false,,Dominique Wilkins,
base,188,Prizms Green,false,,Dominique Wilkins,
base,188,Prizms Gold,false,,Dominique Wilkins,
base,150,Prizms,false,,Josh Smith,
base,150,Prizms Green,false,,Josh Smith,
base,150,Prizms Gold,false,,Josh Smith,
base,133,Prizms,false,,Jason Terry,
base,133,Prizms Green,false,,Jason Terry,
base,133,Prizms Gold,false,,Jason Terry,
insert-finalists,33,Prizms Gold,false,,Ray Allen,
insert-finalists,33,Prizms,false,,Ray Allen,
insert-finalists,33,Prizms Green,false,,Ray Allen,
base,258,Prizms,false,,Jared Sullinger,
base,258,Prizms Green,false,,Jared Sullinger,
base,258,Prizms Gold,false,,Jared Sullinger,
insert-finalists,32,Prizms Gold,false,,Kevin Garnett,
insert-finalists,32,Prizms,false,,Kevin Garnett,
insert-finalists,32,Prizms Green,false,,Kevin Garnett,
insert-finalists,31,Prizms Gold,false,,Paul Pierce,
insert-finalists,31,Prizms,false,,Paul Pierce,
insert-finalists,31,Prizms Green,false,,Paul Pierce,
base,259,Prizms,false,,Fab Melo,
base,259,Prizms Green,false,,Fab Melo,
base,259,Prizms Gold,false,,Fab Melo,
insert-finalists,30,Prizms Gold,false,,Rajon Rondo,
insert-finalists,30,Prizms,false,,Rajon Rondo,
insert-finalists,30,Prizms Green,false,,Rajon Rondo,
auto-autographs,26,Prizms,true,,Jared Sullinger,
insert-most-valuable-players,20,Prizms,false,,Dave Cowens,
insert-most-valuable-players,20,Prizms Gold,false,,Dave Cowens,
insert-most-valuable-players,20,Prizms Green,false,,Dave Cowens,
base,153,Prizms,false,,Bill Russell,
base,153,Prizms Green,false,,Bill Russell,
base,153,Prizms Gold,false,,Bill Russell,
insert-most-valuable-players,14,Prizms,false,,Larry Bird,
insert-most-valuable-players,14,Prizms Gold,false,,Larry Bird,
insert-most-valuable-players,14,Prizms Green,false,,Larry Bird,
base,180,Prizms,false,,Sam Jones,
base,180,Prizms Green,false,,Sam Jones,
base,180,Prizms Gold,false,,Sam Jones,
insert-most-valuable-players,24,Prizms,false,,Bill Russell,
insert-most-valuable-players,24,Prizms Gold,false,,Bill Russell,
insert-most-valuable-players,24,Prizms Green,false,,Bill Russell,
base,62,Prizms,false,,Brandon Bass,
base,62,Prizms Green,false,,Brandon Bass,
base,62,Prizms Gold,false,,Brandon Bass,
base,2,Prizms,false,,Paul Pierce,
base,2,Prizms Green,false,,Paul Pierce,
base,2,Prizms Gold,false,,Paul Pierce,
insert-finalists,16,Prizms Gold,false,,Robert Parish,
insert-finalists,16,Prizms,false,,Robert Parish,
insert-finalists,16,Prizms Green,false,,Robert Parish,
insert-downtown-bound,18,Prizms,false,,Paul Pierce,
insert-downtown-bound,18,Prizms Gold,false,,Paul Pierce,
insert-downtown-bound,18,Prizms Green,false,,Paul Pierce,
insert-finalists,13,Prizms Gold,false,,Larry Bird,
insert-finalists,13,Prizms,false,,Larry Bird,
insert-finalists,13,Prizms Green,false,,Larry Bird,
auto-autographs,57,Prizms,true,,Fab Melo,
base,292,Prizms,false,,Kris Joseph,
base,292,Prizms Green,false,,Kris Joseph,
base,292,Prizms Gold,false,,Kris Joseph,
base,33,Prizms,false,,Kevin Garnett,
base,33,Prizms Green,false,,Kevin Garnett,
base,33,Prizms Gold,false,,Kevin Garnett,
insert-finalists,1,Prizms Gold,false,,Bill Russell,
insert-finalists,1,Prizms,false,,Bill Russell,
insert-finalists,1,Prizms Green,false,,Bill Russell,
base,107,Prizms,false,,Rajon Rondo,
base,107,Prizms Green,false,,Rajon Rondo,
base,107,Prizms Gold,false,,Rajon Rondo,
base,163,Prizms,false,,Larry Bird,
base,163,Prizms Green,false,,Larry Bird,
base,163,Prizms Gold,false,,Larry Bird,
base,75,Prizms,false,,Avery Bradley,
base,75,Prizms Green,false,,Avery Bradley,
base,75,Prizms Gold,false,,Avery Bradley,
auto-autographs,12,Prizms,true,,MarShon Brooks,
base,167,Prizms,false,,Derrick Coleman,
base,167,Prizms Green,false,,Derrick Coleman,
base,167,Prizms Gold,false,,Derrick Coleman,
base,287,Prizms,false,,Tyshawn Taylor,
base,287,Prizms Green,false,,Tyshawn Taylor,
base,287,Prizms Gold,false,,Tyshawn Taylor,
base,149,Prizms,false,,Joe Johnson,
base,149,Prizms Green,false,,Joe Johnson,
base,149,Prizms Gold,false,,Joe Johnson,
auto-autographs,27,Prizms,true,,Kenny Anderson,
base,117,Prizms,false,,Brook Lopez,
base,117,Prizms Green,false,,Brook Lopez,
base,117,Prizms Gold,false,,Brook Lopez,
base,87,Prizms,false,,Gerald Wallace,
base,87,Prizms Green,false,,Gerald Wallace,
base,87,Prizms Gold,false,,Gerald Wallace,
insert-downtown-bound,20,Prizms,false,,Joe Johnson,
insert-downtown-bound,20,Prizms Gold,false,,Joe Johnson,
insert-downtown-bound,20,Prizms Green,false,,Joe Johnson,
insert-downtown-bound,22,Prizms,false,,Deron Williams,
insert-downtown-bound,22,Prizms Gold,false,,Deron Williams,
insert-downtown-bound,22,Prizms Green,false,,Deron Williams,
auto-autographs,64,Prizms,true,,Walter Berry,
auto-autographs,83,Prizms,true,,Tyshawn Taylor,
base,202,Prizms,false,,MarShon Brooks,
base,202,Prizms Green,false,,MarShon Brooks,
base,202,Prizms Gold,false,,MarShon Brooks,
base,7,Prizms,false,,Deron Williams,
base,7,Prizms Green,false,,Deron Williams,
base,7,Prizms Gold,false,,Deron Williams,
insert-most-valuable-players,19,Prizms,false,,Bob McAdoo,
insert-most-valuable-players,19,Prizms Gold,false,,Bob McAdoo,
insert-most-valuable-players,19,Prizms Green,false,,Bob McAdoo,
base,58,Prizms,false,,Ramon Sessions,
base,58,Prizms Green,false,,Ramon Sessions,
base,58,Prizms Gold,false,,Ramon Sessions,
auto-autographs,41,Prizms,true,,Kemba Walker,
base,225,Prizms,false,,Kemba Walker,
base,225,Prizms Green,false,,Kemba Walker,
base,225,Prizms Gold,false,,Kemba Walker,
auto-autographs,6,Prizms,true,,Michael Kidd-Gilchrist,
base,129,Prizms,false,,Ben Gordon,
base,129,Prizms Green,false,,Ben Gordon,
base,129,Prizms Gold,false,,Ben Gordon,
base,26,Prizms,false,,Brendan Haywood,
base,26,Prizms Green,false,,Brendan Haywood,
base,26,Prizms Gold,false,,Brendan Haywood,
auto-autographs,92,Prizms,true,,Jeff Taylor,
base,213,Prizms,false,,Bismack Biyombo,
base,213,Prizms Green,false,,Bismack Biyombo,
base,213,Prizms Gold,false,,Bismack Biyombo,
base,96,Prizms,false,,Tyrus Thomas,
base,96,Prizms Green,false,,Tyrus Thomas,
base,96,Prizms Gold,false,,Tyrus Thomas,
base,277,Prizms,false,,Jeff Taylor,
base,277,Prizms Green,false,,Jeff Taylor,
base,277,Prizms Gold,false,,Jeff Taylor,
base,273,Prizms,false,,Cory Higgins,
base,273,Prizms Green,false,,Cory Higgins,
base,273,Prizms Gold,false,,Cory Higgins,
base,237,Prizms,false,,Michael Kidd-Gilchrist,
base,237,Prizms Green,false,,Michael Kidd-Gilchrist,
base,237,Prizms Gold,false,,Michael Kidd-Gilchrist,
auto-autographs,74,Prizms,true,,Larry Johnson,
auto-autographs,31,Prizms,true,,Rex Chapman,
base,165,Prizms,false,,Larry Johnson,
base,165,Prizms Green,false,,Larry Johnson,
base,165,Prizms Gold,false,,Larry Johnson,
base,192,Prizms,false,,Toni Kukoc,
base,192,Prizms Green,false,,Toni Kukoc,
base,192,Prizms Gold,false,,Toni Kukoc,
base,162,Prizms,false,,Horace Grant,
base,162,Prizms Green,false,,Horace Grant,
base,162,Prizms Gold,false,,Horace Grant,
base,157,Prizms,false,,Dennis Rodman,
base,157,Prizms Green,false,,Dennis Rodman,
base,157,Prizms Gold,false,,Dennis Rodman,
auto-autographs,37,Prizms,true,,Steve Kerr,
base,12,Prizms,false,,Kirk Hinrich,
base,12,Prizms Green,false,,Kirk Hinrich,
base,12,Prizms Gold,false,,Kirk Hinrich,
insert-most-valuable-players,2,Prizms,false,,Derrick Rose,
insert-most-valuable-players,2,Prizms Gold,false,,Derrick Rose,
insert-most-valuable-players,2,Prizms Green,false,,Derrick Rose,
base,38,Prizms,false,,Marco Belinelli,
base,38,Prizms Green,false,,Marco Belinelli,
base,38,Prizms Gold,false,,Marco Belinelli,
auto-autographs,32,Prizms,true,,Reggie Theus,
insert-finalists,29,Prizms Gold,false,,Toni Kukoc,
insert-finalists,29,Prizms,false,,Toni Kukoc,
insert-finalists,29,Prizms Green,false,,Toni Kukoc,
base,53,Prizms,false,,Carlos Boozer,
base,53,Prizms Green,false,,Carlos Boozer,
base,53,Prizms Gold,false,,Carlos Boozer,
base,264,Prizms,false,,Marquis Teague,
base,264,Prizms Green,false,,Marquis Teague,
base,264,Prizms Gold,false,,Marquis Teague,
base,73,Prizms,false,,Luol Deng,
base,73,Prizms Green,false,,Luol Deng,
base,73,Prizms Gold,false,,Luol Deng,
insert-finalists,14,Prizms Gold,false,,Dennis Rodman,
insert-finalists,14,Prizms,false,,Dennis Rodman,
insert-finalists,14,Prizms Green,false,,Dennis Rodman,
insert-finalists,4,Prizms Gold,false,,Scottie Pippen,
insert-finalists,4,Prizms,false,,Scottie Pippen,
insert-finalists,4,Prizms Green,false,,Scottie Pippen,
base,114,Prizms,false,,Joakim Noah,
base,114,Prizms Green,false,,Joakim Noah,
base,114,Prizms Gold,false,,Joakim Noah,
base,205,Prizms,false,,Jimmy Butler,
base,205,Prizms Green,false,,Jimmy Butler,
base,205,Prizms Gold,false,,Jimmy Butler,
auto-autographs,91,Prizms,true,,Marquis Teague,
auto-autographs,28,Prizms,true,,Marco Belinelli,
auto-autographs,98,Prizms,true,,Jimmy Butler,
base,176,Prizms,false,,Scottie Pippen,
base,176,Prizms Green,false,,Scottie Pippen,
base,176,Prizms Gold,false,,Scottie Pippen,
base,145,Prizms,false,,Derrick Rose,
base,145,Prizms Green,false,,Derrick Rose,
base,145,Prizms Gold,false,,Derrick Rose,
insert-most-valuable-players,25,Prizms,false,,Oscar Robertson,
insert-most-valuable-players,25,Prizms Gold,false,,Oscar Robertson,
insert-most-valuable-players,25,Prizms Green,false,,Oscar Robertson,
auto-autographs,96,Prizms,true,,Dion Waiters,
base,190,Prizms,false,,Zydrunas Ilgauskas,
base,190,Prizms Green,false,,Zydrunas Ilgauskas,
base,190,Prizms Gold,false,,Zydrunas Ilgauskas,
auto-autographs,44,Prizms,true,,Tyler Zeller,
auto-autographs,35,Prizms,true,,Tristan Thompson,
auto-autographs,45,Prizms,true,,Zydrunas Ilgauskas,
base,121,Prizms,false,,Daniel Gibson,
base,121,Prizms Green,false,,Daniel Gibson,
base,121,Prizms Gold,false,,Daniel Gibson,
base,201,Prizms,false,,Kyrie Irving,
base,201,Prizms Green,false,,Kyrie Irving,
base,201,Prizms Gold,false,,Kyrie Irving,
base,242,Prizms,false,,Dion Waiters,
base,242,Prizms Green,false,,Dion Waiters,
base,242,Prizms Gold,false,,Dion Waiters,
base,90,Prizms,false,,Anderson Varejao,
base,90,Prizms Green,false,,Anderson Varejao,
base,90,Prizms Gold,false,,Anderson Varejao,
base,268,Prizms,false,,Donald Sloan,
base,268,Prizms Green,false,,Donald Sloan,
base,268,Prizms Gold,false,,Donald Sloan,
auto-autographs,56,Prizms,true,,Lenny Wilkens,
auto-autographs,4,Prizms,true,,Kyrie Irving,
base,269,Prizms,false,,Jon Leuer,
base,269,Prizms Green,false,,Jon Leuer,
base,269,Prizms Gold,false,,Jon Leuer,
base,254,Prizms,false,,Tyler Zeller,
base,254,Prizms Green,false,,Tyler Zeller,
base,254,Prizms Gold,false,,Tyler Zeller,
insert-downtown-bound,13,Prizms,false,,Kyrie Irving,
insert-downtown-bound,13,Prizms Gold,false,,Kyrie Irving,
insert-downtown-bound,13,Prizms Green,false,,Kyrie Irving,
base,223,Prizms,false,,Tristan Thompson,
base,223,Prizms Green,false,,Tristan Thompson,
base,223,Prizms Gold,false,,Tristan Thompson,
base,63,Prizms,false,,Dirk Nowitzki,
base,63,Prizms Green,false,,Dirk Nowitzki,
base,63,Prizms Gold,false,,Dirk Nowitzki,
base,143,Prizms,false,,O.J. Mayo,
base,143,Prizms Green,false,,O.J. Mayo,
base,143,Prizms Gold,false,,O.J. Mayo,
auto-autographs,21,Prizms,true,,Bernard James,
base,278,Prizms,false,,Jae Crowder,
base,278,Prizms Green,false,,Jae Crowder,
base,278,Prizms Gold,false,,Jae Crowder,
auto-autographs,79,Prizms,true,,Rolando Blackman,
base,281,Prizms,false,,Bernard James,
base,281,Prizms Green,false,,Bernard James,
base,281,Prizms Gold,false,,Bernard James,
auto-autographs,49,Prizms,true,,Jared Cunningham,
base,102,Prizms,false,,Chris Kaman,
base,102,Prizms Green,false,,Chris Kaman,
base,102,Prizms Gold,false,,Chris Kaman,
base,36,Prizms,false,,Vince Carter,
base,36,Prizms Green,false,,Vince Carter,
base,36,Prizms Gold,false,,Vince Carter,
insert-finalists,37,Prizms Gold,false,,Jason Terry,
insert-finalists,37,Prizms,false,,Jason Terry,
insert-finalists,37,Prizms Green,false,,Jason Terry,
base,164,Prizms,false,,Rolando Blackman,
base,164,Prizms Green,false,,Rolando Blackman,
base,164,Prizms Gold,false,,Rolando Blackman,
insert-downtown-bound,2,Prizms,false,,Dirk Nowitzki,
insert-downtown-bound,2,Prizms Gold,false,,Dirk Nowitzki,
insert-downtown-bound,2,Prizms Green,false,,Dirk Nowitzki,
base,170,Prizms,false,,Mark Aguirre,
base,170,Prizms Green,false,,Mark Aguirre,
base,170,Prizms Gold,false,,Mark Aguirre,
auto-autographs,29,Prizms,true,,Michael Finley,
base,124,Prizms,false,,Shawn Marion,
base,124,Prizms Green,false,,Shawn Marion,
base,124,Prizms Gold,false,,Shawn Marion,
insert-most-valuable-players,4,Prizms,false,,Dirk Nowitzki,
insert-most-valuable-players,4,Prizms Gold,false,,Dirk Nowitzki,
insert-most-valuable-players,4,Prizms Green,false,,Dirk Nowitzki,
auto-autographs,94,Prizms,true,,Jae Crowder,
base,6,Prizms,false,,Elton Brand,
base,6,Prizms Green,false,,Elton Brand,
base,6,Prizms Gold,false,,Elton Brand,
base,260,Prizms,false,,Jared Cunningham,
base,260,Prizms Green,false,,Jared Cunningham,
base,260,Prizms Gold,false,,Jared Cunningham,
insert-finalists,19,Prizms Gold,false,,Dirk Nowitzki,
insert-finalists,19,Prizms,false,,Dirk Nowitzki,
insert-finalists,19,Prizms Green,false,,Dirk Nowitzki,
insert-finalists,20,Prizms Gold,false,,Jason Kidd,
insert-finalists,20,Prizms,false,,Jason Kidd,
insert-finalists,20,Prizms Green,false,,Jason Kidd,
insert-finalists,21,Prizms Gold,false,,Tyson Chandler,
insert-finalists,21,Prizms,false,,Tyson Chandler,
insert-finalists,21,Prizms Green,false,,Tyson Chandler,
auto-autographs,8,Prizms,true,,Alex English,
base,104,Prizms,false,,Ty Lawson,
base,104,Prizms Green,false,,Ty Lawson,
base,104,Prizms Gold,false,,Ty Lawson,
base,284,Prizms,false,,Quincy Miller,
base,284,Prizms Green,false,,Quincy Miller,
base,284,Prizms Gold,false,,Quincy Miller,
base,130,Prizms,false,,Andre Miller,
base,130,Prizms Green,false,,Andre Miller,
base,130,Prizms Gold,false,,Andre Miller,
base,28,Prizms,false,,Andre Iguodala,
base,28,Prizms Green,false,,Andre Iguodala,
base,28,Prizms Gold,false,,Andre Iguodala,
base,211,Prizms,false,,Jordan Hamilton,
base,211,Prizms Green,false,,Jordan Hamilton,
base,211,Prizms Gold,false,,Jordan Hamilton,
auto-autographs,10,Prizms,true,,Kenneth Faried,
base,208,Prizms,false,,Kenneth Faried,
base,208,Prizms Green,false,,Kenneth Faried,
base,208,Prizms Gold,false,,Kenneth Faried,
base,59,Prizms,false,,Danilo Gallinari,
base,59,Prizms Green,false,,Danilo Gallinari,
base,59,Prizms Gold,false,,Danilo Gallinari,
base,293,Prizms,false,,Julyan Stone,
base,293,Prizms Green,false,,Julyan Stone,
base,293,Prizms Gold,false,,Julyan Stone,
auto-autographs,61,Prizms,true,,Quincy Miller,
base,257,Prizms,false,,Evan Fournier,
base,257,Prizms Green,false,,Evan Fournier,
base,257,Prizms Gold,false,,Evan Fournier,
auto-autographs,84,Prizms,true,,Evan Fournier,
base,161,Prizms,false,,David Thompson,
base,161,Prizms Green,false,,David Thompson,
base,161,Prizms Gold,false,,David Thompson,
base,39,Prizms,false,,Corey Brewer,
base,39,Prizms Green,false,,Corey Brewer,
base,39,Prizms Gold,false,,Corey Brewer,
base,285,Prizms,false,,Khris Middleton,
base,285,Prizms Green,false,,Khris Middleton,
base,285,Prizms Gold,false,,Khris Middleton,
insert-finalists,24,Prizms Gold,false,,Chauncey Billups,
insert-finalists,24,Prizms,false,,Chauncey Billups,
insert-finalists,24,Prizms Green,false,,Chauncey Billups,
base,290,Prizms,false,,Kim English,
base,290,Prizms Green,false,,Kim English,
base,290,Prizms Gold,false,,Kim English,
base,234,Prizms,false,,Kyle Singler,
base,234,Prizms Green,false,,Kyle Singler,
base,234,Prizms Gold,false,,Kyle Singler,
base,68,Prizms,false,,Corey Maggette,
base,68,Prizms Green,false,,Corey Maggette,
base,68,Prizms Gold,false,,Corey Maggette,
base,17,Prizms,false,,Tayshaun Prince,
base,17,Prizms Green,false,,Tayshaun Prince,
base,17,Prizms Gold,false,,Tayshaun Prince,
insert-finalists,27,Prizms Gold,false,,Joe Dumars,
insert-finalists,27,Prizms,false,,Joe Dumars,
insert-finalists,27,Prizms Green,false,,Joe Dumars,
insert-finalists,26,Prizms Gold,false,,Isiah Thomas,
insert-finalists,26,Prizms,false,,Isiah Thomas,
insert-finalists,26,Prizms Green,false,,Isiah Thomas,
auto-autographs,7,Prizms,true,,Brandon Knight,
base,247,Prizms,false,,Andre Drummond,
base,247,Prizms Green,false,,Andre Drummond,
base,247,Prizms Gold,false,,Andre Drummond,
auto-autographs,59,Prizms,true,,Kim English,
insert-finalists,2,Prizms Gold,false,,Bill Laimbeer,
insert-finalists,2,Prizms,false,,Bill Laimbeer,
insert-finalists,2,Prizms Green,false,,Bill Laimbeer,
base,138,Prizms,false,,Charlie Villanueva,
base,138,Prizms Green,false,,Charlie Villanueva,
base,138,Prizms Gold,false,,Charlie Villanueva,
base,109,Prizms,false,,Rodney Stuckey,
base,109,Prizms Green,false,,Rodney Stuckey,
base,109,Prizms Gold,false,,Rodney Stuckey,
base,183,Prizms,false,,Bill Laimbeer,
base,183,Prizms Green,false,,Bill Laimbeer,
base,183,Prizms Gold,false,,Bill Laimbeer,
base,207,Prizms,false,,Brandon Knight,
base,207,Prizms Green,false,,Brandon Knight,
base,207,Prizms Gold,false,,Brandon Knight,
base,182,Prizms,false,,Isiah Thomas,
base,182,Prizms Green,false,,Isiah Thomas,
base,182,Prizms Gold,false,,Isiah Thomas,
base,72,Prizms,false,,Stephen Curry,
base,72,Prizms Green,false,,Stephen Curry,
base,72,Prizms Gold,false,,Stephen Curry,
base,16,Prizms,false,,Andris Biedrins,
base,16,Prizms Green,false,,Andris Biedrins,
base,16,Prizms Gold,false,,Andris Biedrins,
base,43,Prizms,false,,Andrew Bogut,
base,43,Prizms Green,false,,Andrew Bogut,
base,43,Prizms Gold,false,,Andrew Bogut,
base,92,Prizms,false,,David Lee,
base,92,Prizms Green,false,,David Lee,
base,92,Prizms Gold,false,,David Lee,
insert-downtown-bound,25,Prizms,false,,Brandon Rush,
insert-downtown-bound,25,Prizms Gold,false,,Brandon Rush,
insert-downtown-bound,25,Prizms Green,false,,Brandon Rush,
insert-downtown-bound,24,Prizms,false,,Klay Thompson,
insert-downtown-bound,24,Prizms Gold,false,,Klay Thompson,
insert-downtown-bound,24,Prizms Green,false,,Klay Thompson,
base,123,Prizms,false,,Brandon Rush,
base,123,Prizms Green,false,,Brandon Rush,
base,123,Prizms Gold,false,,Brandon Rush,
insert-downtown-bound,7,Prizms,false,,Stephen Curry,
insert-downtown-bound,7,Prizms Gold,false,,Stephen Curry,
insert-downtown-bound,7,Prizms Green,false,,Stephen Curry,
base,185,Prizms,false,,Chris Mullin,
base,185,Prizms Green,false,,Chris Mullin,
base,185,Prizms Gold,false,,Chris Mullin,
base,189,Prizms,false,,Tim Hardaway,
base,189,Prizms Green,false,,Tim Hardaway,
base,189,Prizms Gold,false,,Tim Hardaway,
auto-autographs,95,Prizms,true,,Draymond Green,
auto-autographs,93,Prizms,true,,Festus Ezeli,
base,203,Prizms,false,,Klay Thompson,
base,203,Prizms Green,false,,Klay Thompson,
base,203,Prizms Gold,false,,Klay Thompson,
auto-autographs,85,Prizms,true,,Charles Jenkins,
base,232,Prizms,false,,Charles Jenkins,
base,232,Prizms Green,false,,Charles Jenkins,
base,232,Prizms Gold,false,,Charles Jenkins,
base,233,Prizms,false,,Jeremy Tyler,
base,233,Prizms Green,false,,Jeremy Tyler,
base,233,Prizms Gold,false,,Jeremy Tyler,
base,282,Prizms,false,,Draymond Green,
base,282,Prizms Green,false,,Draymond Green,
base,282,Prizms Gold,false,,Draymond Green,
base,246,Prizms,false,,Harrison Barnes,
base,246,Prizms Green,false,,Harrison Barnes,
base,246,Prizms Gold,false,,Harrison Barnes,
base,261,Prizms,false,,Festus Ezeli,
base,261,Prizms Green,false,,Festus Ezeli,
base,261,Prizms Gold,false,,Festus Ezeli,
auto-autographs,100,Prizms,true,,E'Twaun Moore,
auto-autographs,73,Prizms,true,,Chandler Parsons,
base,198,Prizms,false,,Yao Ming,
base,198,Prizms Green,false,,Yao Ming,
base,198,Prizms Gold,false,,Yao Ming,
base,199,Prizms,false,,Dikembe Mutombo,
base,199,Prizms Green,false,,Dikembe Mutombo,
base,199,Prizms Gold,false,,Dikembe Mutombo,
insert-most-valuable-players,12,Prizms,false,,Hakeem Olajuwon,
insert-most-valuable-players,12,Prizms Gold,false,,Hakeem Olajuwon,
insert-most-valuable-players,12,Prizms Green,false,,Hakeem Olajuwon,
base,241,Prizms,false,,Jeremy Lamb,
base,241,Prizms Green,false,,Jeremy Lamb,
base,241,Prizms Gold,false,,Jeremy Lamb,
base,137,Prizms,false,,Toney Douglas,
base,137,Prizms Green,false,,Toney Douglas,
base,137,Prizms Gold,false,,Toney Douglas,
base,8,Prizms,false,,Omer Asik,
base,8,Prizms Green,false,,Omer Asik,
base,8,Prizms Gold,false,,Omer Asik,
base,171,Prizms,false,,Rudy Tomjanovich,
base,171,Prizms Green,false,,Rudy Tomjanovich,
base,171,Prizms Gold,false,,Rudy Tomjanovich,
insert-finalists,11,Prizms Gold,false,,Robert Horry,
insert-finalists,11,Prizms,false,,Robert Horry,
insert-finalists,11,Prizms Green,false,,Robert Horry,
auto-autographs,62,Prizms,true,,Ralph Sampson,
insert-finalists,25,Prizms Gold,false,,Hakeem Olajuwon,
insert-finalists,25,Prizms,false,,Hakeem Olajuwon,
insert-finalists,25,Prizms Green,false,,Hakeem Olajuwon,
base,82,Prizms,false,,Kevin Martin,
base,82,Prizms Green,false,,Kevin Martin,
base,82,Prizms Gold,false,,Kevin Martin,
insert-downtown-bound,10,Prizms,false,,Jeremy Lin,
insert-downtown-bound,10,Prizms Gold,false,,Jeremy Lin,
insert-downtown-bound,10,Prizms Green,false,,Jeremy Lin,
base,253,Prizms,false,,Royce White,
base,253,Prizms Green,false,,Royce White,
base,253,Prizms Gold,false,,Royce White,
base,255,Prizms,false,,Terrence Jones,
base,255,Prizms Green,false,,Terrence Jones,
base,255,Prizms Gold,false,,Terrence Jones,
base,112,Prizms,false,,Jon Brockman,
base,112,Prizms Green,false,,Jon Brockman,
base,112,Prizms Gold,false,,Jon Brockman,
auto-autographs,90,Prizms,true,,Jeremy Lamb,
base,215,Prizms,false,,Marcus Morris,
base,215,Prizms Green,false,,Marcus Morris,
base,215,Prizms Gold,false,,Marcus Morris,
base,216,Prizms,false,,Chandler Parsons,
base,216,Prizms Green,false,,Chandler Parsons,
base,216,Prizms Gold,false,,Chandler Parsons,
base,291,Prizms,false,,Scott Machado,
base,291,Prizms Green,false,,Scott Machado,
base,291,Prizms Gold,false,,Scott Machado,
auto-autographs,82,Prizms,true,,Terrence Jones,
auto-autographs,80,Prizms,true,,Royce White,
base,34,Prizms,false,,Jeremy Lin,
base,34,Prizms Green,false,,Jeremy Lin,
base,34,Prizms Gold,false,,Jeremy Lin,
base,228,Prizms,false,,JaJuan Johnson,
base,228,Prizms Green,false,,JaJuan Johnson,
base,228,Prizms Gold,false,,JaJuan Johnson,
base,155,Prizms,false,,Hakeem Olajuwon,
base,155,Prizms Green,false,,Hakeem Olajuwon,
base,155,Prizms Gold,false,,Hakeem Olajuwon,
insert-finalists,35,Prizms Gold,false,,Clyde Drexler,
insert-finalists,35,Prizms,false,,Clyde Drexler,
insert-finalists,35,Prizms Green,false,,Clyde Drexler,
base,30,Prizms,false,,Paul George,
base,30,Prizms Green,false,,Paul George,
base,30,Prizms Gold,false,,Paul George,
base,279,Prizms,false,,Orlando Johnson,
base,279,Prizms Green,false,,Orlando Johnson,
base,279,Prizms Gold,false,,Orlando Johnson,
base,64,Prizms,false,,Roy Hibbert,
base,64,Prizms Green,false,,Roy Hibbert,
base,64,Prizms Gold,false,,Roy Hibbert,
base,263,Prizms,false,,Miles Plumlee,
base,263,Prizms Green,false,,Miles Plumlee,
base,263,Prizms Gold,false,,Miles Plumlee,
base,5,Prizms,false,,Danny Granger,
base,5,Prizms Green,false,,Danny Granger,
base,5,Prizms Gold,false,,Danny Granger,
auto-autographs,55,Prizms,true,,Miles Plumlee,
auto-autographs,17,Prizms,true,,George McGinnis,
base,140,Prizms,false,,George Hill,
base,140,Prizms Green,false,,George Hill,
base,140,Prizms Gold,false,,George Hill,
insert-downtown-bound,23,Prizms,false,,Danny Granger,
insert-downtown-bound,23,Prizms Gold,false,,Danny Granger,
insert-downtown-bound,23,Prizms Green,false,,Danny Granger,
base,98,Prizms,false,,Tyler Hansbrough,
base,98,Prizms Green,false,,Tyler Hansbrough,
base,98,Prizms Gold,false,,Tyler Hansbrough,
auto-autographs,65,Prizms,true,,Nate Archibald,
base,19,Prizms,false,,Chris Paul,
base,19,Prizms Green,false,,Chris Paul,
base,19,Prizms Gold,false,,Chris Paul,
base,89,Prizms,false,,Caron Butler,
base,89,Prizms Green,false,,Caron Butler,
base,89,Prizms Gold,false,,Caron Butler,
base,32,Prizms,false,,Blake Griffin,
base,32,Prizms Green,false,,Blake Griffin,
base,32,Prizms Gold,false,,Blake Griffin,
base,54,Prizms,false,,Grant Hill,
base,54,Prizms Green,false,,Grant Hill,
base,54,Prizms Gold,false,,Grant Hill,
auto-autographs,3,Prizms,true,,Blake Griffin,
insert-downtown-bound,14,Prizms,false,,Chris Paul,
insert-downtown-bound,14,Prizms Gold,false,,Chris Paul,
insert-downtown-bound,14,Prizms Green,false,,Chris Paul,
base,122,Prizms,false,,Chauncey Billups,
base,122,Prizms Green,false,,Chauncey Billups,
base,122,Prizms Gold,false,,Chauncey Billups,
base,27,Prizms,false,,DeAndre Jordan,
base,27,Prizms Green,false,,DeAndre Jordan,
base,27,Prizms Gold,false,,DeAndre Jordan,
insert-finalists,12,Prizms Gold,false,,Magic Johnson,
insert-finalists,12,Prizms,false,,Magic Johnson,
insert-finalists,12,Prizms Green,false,,Magic Johnson,
insert-downtown-bound,6,Prizms,false,,Kobe Bryant,
insert-downtown-bound,6,Prizms Gold,false,,Kobe Bryant,
insert-downtown-bound,6,Prizms Green,false,,Kobe Bryant,
base,166,Prizms,false,,Shaquille O'Neal,
base,166,Prizms Green,false,,Shaquille O'Neal,
base,166,Prizms Gold,false,,Shaquille O'Neal,
base,178,Prizms,false,,Elgin Baylor,
base,178,Prizms Green,false,,Elgin Baylor,
base,178,Prizms Gold,false,,Elgin Baylor,
base,151,Prizms,false,,Wilt Chamberlain,
base,151,Prizms Green,false,,Wilt Chamberlain,
base,151,Prizms Gold,false,,Wilt Chamberlain,
base,181,Prizms,false,,Magic Johnson,
base,181,Prizms Green,false,,Magic Johnson,
base,181,Prizms Gold,false,,Magic Johnson,
base,172,Prizms,false,,Jerry West,
base,172,Prizms Green,false,,Jerry West,
base,172,Prizms Gold,false,,Jerry West,
insert-most-valuable-players,13,Prizms,false,,Magic Johnson,
insert-most-valuable-players,13,Prizms Gold,false,,Magic Johnson,
insert-most-valuable-players,13,Prizms Green,false,,Magic Johnson,
base,159,Prizms,false,,Kareem Abdul-Jabbar,
base,159,Prizms Green,false,,Kareem Abdul-Jabbar,
base,159,Prizms Gold,false,,Kareem Abdul-Jabbar,
auto-autographs,43,Prizms,true,,Vlade Divac,
insert-most-valuable-players,9,Prizms,false,,Shaquille O'Neal,
insert-most-valuable-players,9,Prizms Gold,false,,Shaquille O'Neal,
insert-most-valuable-players,9,Prizms Green,false,,Shaquille O'Neal,
base,193,Prizms,false,,James Worthy,
base,193,Prizms Green,false,,James Worthy,
base,193,Prizms Gold,false,,James Worthy,
base,194,Prizms,false,,Vlade Divac,
base,194,Prizms Green,false,,Vlade Divac,
base,194,Prizms Gold,false,,Vlade Divac,
insert-most-valuable-players,17,Prizms,false,,Kareem Abdul-Jabbar,
insert-most-valuable-players,17,Prizms Gold,false,,Kareem Abdul-Jabbar,
insert-most-valuable-players,17,Prizms Green,false,,Kareem Abdul-Jabbar,
insert-most-valuable-players,3,Prizms,false,,Kobe Bryant,
insert-most-valuable-players,3,Prizms Gold,false,,Kobe Bryant,
insert-most-valuable-players,3,Prizms Green,false,,Kobe Bryant,
auto-autographs,1,Prizms,true,,Kobe Bryant,
base,299,Prizms,false,,Darius Johnson-Odom,
base,299,Prizms Green,false,,Darius Johnson-Odom,
base,299,Prizms Gold,false,,Darius Johnson-Odom,
base,24,Prizms,false,,Kobe Bryant,
base,24,Prizms Green,false,,Kobe Bryant,
base,24,Prizms Gold,false,,Kobe Bryant,
base,295,Prizms,false,,Robert Sacre,
base,295,Prizms Green,false,,Robert Sacre,
base,295,Prizms Gold,false,,Robert Sacre,
base,113,Prizms,false,,Steve Nash,
base,113,Prizms Green,false,,Steve Nash,
base,113,Prizms Gold,false,,Steve Nash,
base,147,Prizms,false,,Metta World Peace,
base,147,Prizms Green,false,,Metta World Peace,
base,147,Prizms Gold,false,,Metta World Peace,
auto-autographs,86,Prizms,true,,Darius Johnson-Odom,
insert-finalists,3,Prizms Gold,false,,Kareem Abdul-Jabbar,
insert-finalists,3,Prizms,false,,Kareem Abdul-Jabbar,
insert-finalists,3,Prizms Green,false,,Kareem Abdul-Jabbar,
base,103,Prizms,false,,Jodie Meeks,
base,103,Prizms Green,false,,Jodie Meeks,
base,103,Prizms Gold,false,,Jodie Meeks,
insert-finalists,5,Prizms Gold,false,,Kobe Bryant,
insert-finalists,5,Prizms,false,,Kobe Bryant,
insert-finalists,5,Prizms Green,false,,Kobe Bryant,
insert-finalists,36,Prizms Gold,false,,Pau Gasol,
insert-finalists,36,Prizms,false,,Pau Gasol,
insert-finalists,36,Prizms Green,false,,Pau Gasol,
base,4,Prizms,false,,Dwight Howard,
base,4,Prizms Green,false,,Dwight Howard,
base,4,Prizms Gold,false,,Dwight Howard,
auto-autographs,71,Prizms,true,,Andrew Goudelock,
insert-finalists,10,Prizms Gold,false,,Shaquille O'Neal,
insert-finalists,10,Prizms,false,,Shaquille O'Neal,
insert-finalists,10,Prizms Green,false,,Shaquille O'Neal,
base,45,Prizms,false,,Pau Gasol,
base,45,Prizms Green,false,,Pau Gasol,
base,45,Prizms Gold,false,,Pau Gasol,
auto-autographs,53,Prizms,true,,Kurt Rambis,
base,243,Prizms,false,,Darius Morris,
base,243,Prizms Green,false,,Darius Morris,
base,243,Prizms Gold,false,,Darius Morris,
base,88,Prizms,false,,Antawn Jamison,
base,88,Prizms Green,false,,Antawn Jamison,
base,88,Prizms Gold,false,,Antawn Jamison,
auto-autographs,33,Prizms,true,,Robert Sacre,
base,271,Prizms,false,,Andrew Goudelock,
base,271,Prizms Green,false,,Andrew Goudelock,
base,271,Prizms Gold,false,,Andrew Goudelock,
insert-finalists,15,Prizms Gold,false,,Derek Fisher,
insert-finalists,15,Prizms,false,,Derek Fisher,
insert-finalists,15,Prizms Green,false,,Derek Fisher,
insert-finalists,17,Prizms Gold,false,,Kurt Rambis,
insert-finalists,17,Prizms,false,,Kurt Rambis,
insert-finalists,17,Prizms Green,false,,Kurt Rambis,
insert-downtown-bound,4,Prizms,false,,Steve Nash,
insert-downtown-bound,4,Prizms Gold,false,,Steve Nash,
insert-downtown-bound,4,Prizms Green,false,,Steve Nash,
insert-finalists,28,Prizms Gold,false,,James Worthy,
insert-finalists,28,Prizms,false,,James Worthy,
insert-finalists,28,Prizms Green,false,,James Worthy,
base,262,Prizms,false,,Tony Wroten,
base,262,Prizms Green,false,,Tony Wroten,
base,262,Prizms Gold,false,,Tony Wroten,
base,136,Prizms,false,,Marreese Speights,
base,136,Prizms Green,false,,Marreese Speights,
base,136,Prizms Gold,false,,Marreese Speights,
base,110,Prizms,false,,Zach Randolph,
base,110,Prizms Green,false,,Zach Randolph,
base,110,Prizms Gold,false,,Zach Randolph,
base,76,Prizms,false,,Rudy Gay,
base,76,Prizms Green,false,,Rudy Gay,
base,76,Prizms Gold,false,,Rudy Gay,
base,51,Prizms,false,,Marc Gasol,
base,51,Prizms Green,false,,Marc Gasol,
base,51,Prizms Gold,false,,Marc Gasol,
base,31,Prizms,false,,Mike Conley,
base,31,Prizms Green,false,,Mike Conley,
base,31,Prizms Gold,false,,Mike Conley,
base,289,Prizms,false,,Josh Selby,
base,289,Prizms Green,false,,Josh Selby,
base,289,Prizms Gold,false,,Josh Selby,
auto-autographs,46,Prizms,true,,Tony Wroten,
base,296,Prizms,false,,Darrell Arthur,
base,296,Prizms Green,false,,Darrell Arthur,
base,296,Prizms Gold,false,,Darrell Arthur,
base,132,Prizms,false,,Udonis Haslem,
base,132,Prizms Green,false,,Udonis Haslem,
base,132,Prizms Gold,false,,Udonis Haslem,
insert-downtown-bound,9,Prizms,false,,LeBron James,
insert-downtown-bound,9,Prizms Gold,false,,LeBron James,
insert-downtown-bound,9,Prizms Green,false,,LeBron James,
base,206,Prizms,false,,Norris Cole,
base,206,Prizms Green,false,,Norris Cole,
base,206,Prizms Gold,false,,Norris Cole,
insert-downtown-bound,17,Prizms,false,,Shane Battier,
insert-downtown-bound,17,Prizms Gold,false,,Shane Battier,
insert-downtown-bound,17,Prizms Green,false,,Shane Battier,
base,200,Prizms,false,,Alonzo Mourning,
base,200,Prizms Green,false,,Alonzo Mourning,
base,200,Prizms Gold,false,,Alonzo Mourning,
base,1,Prizms,false,,LeBron James,
base,1,Prizms Green,false,,LeBron James,
base,1,Prizms Gold,false,,LeBron James,
base,116,Prizms,false,,Chris Bosh,
base,116,Prizms Green,false,,Chris Bosh,
base,116,Prizms Gold,false,,Chris Bosh,
insert-downtown-bound,1,Prizms,false,,Ray Allen,
insert-downtown-bound,1,Prizms Gold,false,,Ray Allen,
insert-downtown-bound,1,Prizms Green,false,,Ray Allen,
base,93,Prizms,false,,Shane Battier,
base,93,Prizms Green,false,,Shane Battier,
base,93,Prizms Gold,false,,Shane Battier,
base,77,Prizms,false,,Dwyane Wade,
base,77,Prizms Green,false,,Dwyane Wade,
base,77,Prizms Gold,false,,Dwyane Wade,
auto-autographs,51,Prizms,true,,Justin Hamilton,
insert-finalists,7,Prizms Gold,false,,Dwyane Wade,
insert-finalists,7,Prizms,false,,Dwyane Wade,
insert-finalists,7,Prizms Green,false,,Dwyane Wade,
insert-finalists,6,Prizms Gold,false,,LeBron James,
insert-finalists,6,Prizms,false,,LeBron James,
insert-finalists,6,Prizms Green,false,,LeBron James,
base,37,Prizms,false,,Ray Allen,
base,37,Prizms Green,false,,Ray Allen,
base,37,Prizms Gold,false,,Ray Allen,
auto-autographs,77,Prizms,true,,Norris Cole,
insert-downtown-bound,8,Prizms,false,,Dwyane Wade,
insert-downtown-bound,8,Prizms Gold,false,,Dwyane Wade,
insert-downtown-bound,8,Prizms Green,false,,Dwyane Wade,
base,148,Prizms,false,,Mario Chalmers,
base,148,Prizms Green,false,,Mario Chalmers,
base,148,Prizms Gold,false,,Mario Chalmers,
insert-finalists,18,Prizms Gold,false,,Chris Bosh,
insert-finalists,18,Prizms,false,,Chris Bosh,
insert-finalists,18,Prizms Green,false,,Chris Bosh,
insert-finalists,22,Prizms Gold,false,,Mario Chalmers,
insert-finalists,22,Prizms,false,,Mario Chalmers,
insert-finalists,22,Prizms Green,false,,Mario Chalmers,
insert-downtown-bound,15,Prizms,false,,Mario Chalmers,
insert-downtown-bound,15,Prizms Gold,false,,Mario Chalmers,
insert-downtown-bound,15,Prizms Green,false,,Mario Chalmers,
base,275,Prizms,false,,Terrel Harris,
base,275,Prizms Green,false,,Terrel Harris,
base,275,Prizms Gold,false,,Terrel Harris,
insert-most-valuable-players,1,Prizms,false,,LeBron James,
insert-most-valuable-players,1,Prizms Gold,false,,LeBron James,
insert-most-valuable-players,1,Prizms Green,false,,LeBron James,
base,79,Prizms,false,,Brandon Jennings,
base,79,Prizms Green,false,,Brandon Jennings,
base,79,Prizms Gold,false,,Brandon Jennings,
base,251,Prizms,false,,John Henson,
base,251,Prizms Green,false,,John Henson,
base,251,Prizms Gold,false,,John Henson,
auto-autographs,68,Prizms,true,,John Henson,
base,288,Prizms,false,,Doron Lamb,
base,288,Prizms Green,false,,Doron Lamb,
base,288,Prizms Gold,false,,Doron Lamb,
base,144,Prizms,false,,Ersan Ilyasova,
base,144,Prizms Green,false,,Ersan Ilyasova,
base,144,Prizms Gold,false,,Ersan Ilyasova,
base,219,Prizms,false,,Tobias Harris,
base,219,Prizms Green,false,,Tobias Harris,
base,219,Prizms Gold,false,,Tobias Harris,
insert-downtown-bound,11,Prizms,false,,Brandon Jennings,
insert-downtown-bound,11,Prizms Gold,false,,Brandon Jennings,
insert-downtown-bound,11,Prizms Green,false,,Brandon Jennings,
base,119,Prizms,false,,Luc Richard Mbah a Moute,
base,119,Prizms Green,false,,Luc Richard Mbah a Moute,
base,119,Prizms Gold,false,,Luc Richard Mbah a Moute,
base,154,Prizms,false,,Oscar Robertson,
base,154,Prizms Green,false,,Oscar Robertson,
base,154,Prizms Gold,false,,Oscar Robertson,
auto-autographs,34,Prizms,true,,Sidney Moncrief,
auto-autographs,54,Prizms,true,,Kareem Abdul-Jabbar,
auto-autographs,15,Prizms,true,,Clyde Lovellette,
base,173,Prizms,false,,George Mikan,
base,173,Prizms Green,false,,George Mikan,
base,173,Prizms Gold,false,,George Mikan,
base,97,Prizms,false,,J.J. Barea,
base,97,Prizms Green,false,,J.J. Barea,
base,97,Prizms Gold,false,,J.J. Barea,
base,226,Prizms,false,,Derrick Williams,
base,226,Prizms Green,false,,Derrick Williams,
base,226,Prizms Gold,false,,Derrick Williams,
base,276,Prizms,false,,Malcolm Lee,
base,276,Prizms Green,false,,Malcolm Lee,
base,276,Prizms Gold,false,,Malcolm Lee,
base,135,Prizms,false,,Kevin Love,
base,135,Prizms Green,false,,Kevin Love,
base,135,Prizms Gold,false,,Kevin Love,
auto-autographs,99,Prizms,true,,Malcolm Lee,
insert-most-valuable-players,6,Prizms,false,,Kevin Garnett,
insert-most-valuable-players,6,Prizms Gold,false,,Kevin Garnett,
insert-most-valuable-players,6,Prizms Green,false,,Kevin Garnett,
insert-downtown-bound,12,Prizms,false,,Kevin Love,
insert-downtown-bound,12,Prizms Gold,false,,Kevin Love,
insert-downtown-bound,12,Prizms Green,false,,Kevin Love,
base,300,Prizms,false,,Greg Stiemsma,
base,300,Prizms Green,false,,Greg Stiemsma,
base,300,Prizms Gold,false,,Greg Stiemsma,
base,70,Prizms,false,,Luke Ridnour,
base,70,Prizms Green,false,,Luke Ridnour,
base,70,Prizms Gold,false,,Luke Ridnour,
base,115,Prizms,false,,Chase Budinger,
base,115,Prizms Green,false,,Chase Budinger,
base,115,Prizms Gold,false,,Chase Budinger,
base,48,Prizms,false,,Ricky Rubio,
base,48,Prizms Green,false,,Ricky Rubio,
base,48,Prizms Gold,false,,Ricky Rubio,
auto-autographs,87,Prizms,true,,Greg Stiemsma,
auto-autographs,13,Prizms,true,,Austin Rivers,
base,236,Prizms,false,,Anthony Davis,
base,236,Prizms Green,false,,Anthony Davis,
base,236,Prizms Gold,false,,Anthony Davis,
base,18,Prizms,false,,Al-Farouq Aminu,
base,18,Prizms Green,false,,Al-Farouq Aminu,
base,18,Prizms Gold,false,,Al-Farouq Aminu,
base,42,Prizms,false,,Eric Gordon,
base,42,Prizms Green,false,,Eric Gordon,
base,42,Prizms Gold,false,,Eric Gordon,
base,61,Prizms,false,,Ryan Anderson,
base,61,Prizms Green,false,,Ryan Anderson,
base,61,Prizms Gold,false,,Ryan Anderson,
base,240,Prizms,false,,Austin Rivers,
base,240,Prizms Green,false,,Austin Rivers,
base,240,Prizms Gold,false,,Austin Rivers,
base,272,Prizms,false,,Lance Thomas,
base,272,Prizms Green,false,,Lance Thomas,
base,272,Prizms Gold,false,,Lance Thomas,
base,298,Prizms,false,,Darius Miller,
base,298,Prizms Green,false,,Darius Miller,
base,298,Prizms Gold,false,,Darius Miller,
auto-autographs,5,Prizms,true,,Anthony Davis,
auto-autographs,42,Prizms,true,,Lance Thomas,
insert-downtown-bound,16,Prizms,false,,Ryan Anderson,
insert-downtown-bound,16,Prizms Gold,false,,Ryan Anderson,
insert-downtown-bound,16,Prizms Green,false,,Ryan Anderson,
base,71,Prizms,false,,Carmelo Anthony,
base,71,Prizms Green,false,,Carmelo Anthony,
base,71,Prizms Gold,false,,Carmelo Anthony,
base,142,Prizms,false,,Raymond Felton,
base,142,Prizms Green,false,,Raymond Felton,
base,142,Prizms Gold,false,,Raymond Felton,
base,111,Prizms,false,,Steve Novak,
base,111,Prizms Green,false,,Steve Novak,
base,111,Prizms Gold,false,,Steve Novak,
base,81,Prizms,false,,Jason Kidd,
base,81,Prizms Green,false,,Jason Kidd,
base,81,Prizms Gold,false,,Jason Kidd,
auto-autographs,70,Prizms,true,,Allan Houston,
base,184,Prizms,false,,Patrick Ewing,
base,184,Prizms Green,false,,Patrick Ewing,
base,184,Prizms Gold,false,,Patrick Ewing,
base,179,Prizms,false,,Charles Oakley,
base,179,Prizms Green,false,,Charles Oakley,
base,179,Prizms Gold,false,,Charles Oakley,
auto-autographs,11,Prizms,true,,Iman Shumpert,
base,15,Prizms,false,,Amare Stoudemire,
base,15,Prizms Green,false,,Amare Stoudemire,
base,15,Prizms Gold,false,,Amare Stoudemire,
auto-autographs,19,Prizms,true,,John Starks,
base,41,Prizms,false,,Tyson Chandler,
base,41,Prizms Green,false,,Tyson Chandler,
base,41,Prizms Gold,false,,Tyson Chandler,
base,270,Prizms,false,,John Shurna,
base,270,Prizms Green,false,,John Shurna,
base,270,Prizms Gold,false,,John Shurna,
insert-downtown-bound,3,Prizms,false,,Steve Novak,
insert-downtown-bound,3,Prizms Gold,false,,Steve Novak,
insert-downtown-bound,3,Prizms Green,false,,Steve Novak,
base,217,Prizms,false,,Iman Shumpert,
base,217,Prizms Green,false,,Iman Shumpert,
base,217,Prizms Gold,false,,Iman Shumpert,
auto-autographs,60,Prizms,true,,Harry Gallatin,
insert-most-valuable-players,21,Prizms,false,,Willis Reed,
insert-most-valuable-players,21,Prizms Gold,false,,Willis Reed,
insert-most-valuable-players,21,Prizms Green,false,,Willis Reed,
insert-downtown-bound,5,Prizms,false,,Kevin Durant,
insert-downtown-bound,5,Prizms Gold,false,,Kevin Durant,
insert-downtown-bound,5,Prizms Green,false,,Kevin Durant,
base,294,Prizms,false,,DeAndre Liggins,
base,294,Prizms Green,false,,DeAndre Liggins,
base,294,Prizms Gold,false,,DeAndre Liggins,
base,197,Prizms,false,,Shawn Kemp,
base,197,Prizms Green,false,,Shawn Kemp,
base,197,Prizms Gold,false,,Shawn Kemp,
base,127,Prizms,false,,Daequan Cook,
base,127,Prizms Green,false,,Daequan Cook,
base,127,Prizms Gold,false,,Daequan Cook,
base,35,Prizms,false,,Kevin Durant,
base,35,Prizms Green,false,,Kevin Durant,
base,35,Prizms Gold,false,,Kevin Durant,
auto-autographs,16,Prizms,true,,Gary Payton,
base,69,Prizms,false,,Serge Ibaka,
base,69,Prizms Green,false,,Serge Ibaka,
base,69,Prizms Gold,false,,Serge Ibaka,
base,47,Prizms,false,,Russell Westbrook,
base,47,Prizms Green,false,,Russell Westbrook,
base,47,Prizms Gold,false,,Russell Westbrook,
base,52,Prizms,false,,Hollis Thompson,
base,52,Prizms Green,false,,Hollis Thompson,
base,52,Prizms Gold,false,,Hollis Thompson,
auto-autographs,22,Prizms,true,,Reggie Jackson,
base,95,Prizms,false,,James Harden,
base,95,Prizms Green,false,,James Harden,
base,95,Prizms Gold,false,,James Harden,
insert-downtown-bound,21,Prizms,false,,Russell Westbrook,
insert-downtown-bound,21,Prizms Gold,false,,Russell Westbrook,
insert-downtown-bound,21,Prizms Green,false,,Russell Westbrook,
base,134,Prizms,false,,Nick Collison,
base,134,Prizms Green,false,,Nick Collison,
base,134,Prizms Gold,false,,Nick Collison,
auto-autographs,78,Prizms,true,,Perry Jones,
base,210,Prizms,false,,Reggie Jackson,
base,210,Prizms Green,false,,Reggie Jackson,
base,210,Prizms Gold,false,,Reggie Jackson,
auto-autographs,76,Prizms,true,,DeAndre Liggins,
base,57,Prizms,false,,Kendrick Perkins,
base,57,Prizms Green,false,,Kendrick Perkins,
base,57,Prizms Gold,false,,Kendrick Perkins,
base,265,Prizms,false,,Perry Jones,
base,265,Prizms Green,false,,Perry Jones,
base,265,Prizms Gold,false,,Perry Jones,
base,14,Prizms,false,,Thabo Sefolosha,
base,14,Prizms Green,false,,Thabo Sefolosha,
base,14,Prizms Gold,false,,Thabo Sefolosha,
insert-downtown-bound,19,Prizms,false,,James Harden,
insert-downtown-bound,19,Prizms Gold,false,,James Harden,
insert-downtown-bound,19,Prizms Green,false,,James Harden,
auto-autographs,2,Prizms,true,,Kevin Durant,
base,297,Prizms,false,,Kyle O'Quinn,
base,297,Prizms Green,false,,Kyle O'Quinn,
base,297,Prizms Gold,false,,Kyle O'Quinn,
base,11,Prizms,false,,Arron Afflalo,
base,11,Prizms Green,false,,Arron Afflalo,
base,11,Prizms Gold,false,,Arron Afflalo,
auto-autographs,40,Prizms,true,,Nikola Vucevic,
base,40,Prizms,false,,Glen Davis,
base,40,Prizms Green,false,,Glen Davis,
base,40,Prizms Gold,false,,Glen Davis,
base,267,Prizms,false,,Nikola Vucevic,
base,267,Prizms Green,false,,Nikola Vucevic,
base,267,Prizms Gold,false,,Nikola Vucevic,
base,256,Prizms,false,,Andrew Nicholson,
base,256,Prizms Green,false,,Andrew Nicholson,
base,256,Prizms Gold,false,,Andrew Nicholson,
base,252,Prizms,false,,E'Twaun Moore,
base,252,Prizms Green,false,,E'Twaun Moore,
base,252,Prizms Gold,false,,E'Twaun Moore,
base,74,Prizms,false,,J.J. Redick,
base,74,Prizms Green,false,,J.J. Redick,
base,74,Prizms Gold,false,,J.J. Redick,
auto-autographs,72,Prizms,true,,Andrew Nicholson,
base,231,Prizms,false,,Gustavo Ayon,
base,231,Prizms Green,false,,Gustavo Ayon,
base,231,Prizms Gold,false,,Gustavo Ayon,
base,229,Prizms,false,,Justin Harper,
base,229,Prizms Green,false,,Justin Harper,
base,229,Prizms Gold,false,,Justin Harper,
base,86,Prizms,false,,Al Harrington,
base,86,Prizms Green,false,,Al Harrington,
base,86,Prizms Gold,false,,Al Harrington,
base,108,Prizms,false,,Hedo Turkoglu,
base,108,Prizms Green,false,,Hedo Turkoglu,
base,108,Prizms Gold,false,,Hedo Turkoglu,
base,160,Prizms,false,,Anfernee Hardaway,
base,160,Prizms Green,false,,Anfernee Hardaway,
base,160,Prizms Gold,false,,Anfernee Hardaway,
base,235,Prizms,false,,Lavoy Allen,
base,235,Prizms Green,false,,Lavoy Allen,
base,235,Prizms Gold,false,,Lavoy Allen,
base,78,Prizms,false,,Thaddeus Young,
base,78,Prizms Green,false,,Thaddeus Young,
base,78,Prizms Gold,false,,Thaddeus Young,
auto-autographs,66,Prizms,true,,Lavoy Allen,
base,56,Prizms,false,,Evan Turner,
base,56,Prizms Green,false,,Evan Turner,
base,56,Prizms Gold,false,,Evan Turner,
base,266,Prizms,false,,Arnett Moultrie,
base,266,Prizms Green,false,,Arnett Moultrie,
base,266,Prizms Gold,false,,Arnett Moultrie,
insert-most-valuable-players,8,Prizms,false,,Allen Iverson,
insert-most-valuable-players,8,Prizms Gold,false,,Allen Iverson,
insert-most-valuable-players,8,Prizms Green,false,,Allen Iverson,
auto-autographs,9,Prizms,true,,World B. Free,
insert-most-valuable-players,15,Prizms,false,,Moses Malone,
insert-most-valuable-players,15,Prizms Gold,false,,Moses Malone,
insert-most-valuable-players,15,Prizms Green,false,,Moses Malone,
auto-autographs,88,Prizms,true,,Arnett Moultrie,
base,131,Prizms,false,,Jason Richardson,
base,131,Prizms Green,false,,Jason Richardson,
base,131,Prizms Gold,false,,Jason Richardson,
insert-most-valuable-players,16,Prizms,false,,Julius Erving,
insert-most-valuable-players,16,Prizms Gold,false,,Julius Erving,
insert-most-valuable-players,16,Prizms Green,false,,Julius Erving,
base,3,Prizms,false,,Jrue Holiday,
base,3,Prizms Green,false,,Jrue Holiday,
base,3,Prizms Gold,false,,Jrue Holiday,
base,187,Prizms,false,,Allen Iverson,
base,187,Prizms Green,false,,Allen Iverson,
base,187,Prizms Gold,false,,Allen Iverson,
base,156,Prizms,false,,Julius Erving,
base,156,Prizms Green,false,,Julius Erving,
base,156,Prizms Gold,false,,Julius Erving,
base,158,Prizms,false,,Maurice Cheeks,
base,158,Prizms Green,false,,Maurice Cheeks,
base,158,Prizms Gold,false,,Maurice Cheeks,
base,169,Prizms,false,,Moses Malone,
base,169,Prizms Green,false,,Moses Malone,
base,169,Prizms Gold,false,,Moses Malone,
base,83,Prizms,false,,Andrew Bynum,
base,83,Prizms Green,false,,Andrew Bynum,
base,83,Prizms Gold,false,,Andrew Bynum,
insert-most-valuable-players,23,Prizms,false,,Wilt Chamberlain,
insert-most-valuable-players,23,Prizms Gold,false,,Wilt Chamberlain,
insert-most-valuable-players,23,Prizms Green,false,,Wilt Chamberlain,
auto-autographs,50,Prizms,true,,Jeff Hornacek,
auto-autographs,18,Prizms,true,,Kendall Marshall,
base,249,Prizms,false,,Kendall Marshall,
base,249,Prizms Green,false,,Kendall Marshall,
base,249,Prizms Gold,false,,Kendall Marshall,
base,218,Prizms,false,,Markieff Morris,
base,218,Prizms Green,false,,Markieff Morris,
base,218,Prizms Gold,false,,Markieff Morris,
base,177,Prizms,false,,Danny Manning,
base,177,Prizms Green,false,,Danny Manning,
base,177,Prizms Gold,false,,Danny Manning,
base,141,Prizms,false,,Marcin Gortat,
base,141,Prizms Green,false,,Marcin Gortat,
base,141,Prizms Gold,false,,Marcin Gortat,
base,128,Prizms,false,,Goran Dragic,
base,128,Prizms Green,false,,Goran Dragic,
base,128,Prizms Gold,false,,Goran Dragic,
base,106,Prizms,false,,Luis Scola,
base,106,Prizms Green,false,,Luis Scola,
base,106,Prizms Gold,false,,Luis Scola,
base,66,Prizms,false,,Channing Frye,
base,66,Prizms Green,false,,Channing Frye,
base,66,Prizms Gold,false,,Channing Frye,
insert-most-valuable-players,5,Prizms,false,,Steve Nash,
insert-most-valuable-players,5,Prizms Gold,false,,Steve Nash,
insert-most-valuable-players,5,Prizms Green,false,,Steve Nash,
base,195,Prizms,false,,Terry Porter,
base,195,Prizms Green,false,,Terry Porter,
base,195,Prizms Gold,false,,Terry Porter,
base,286,Prizms,false,,Will Barton,
base,286,Prizms Green,false,,Will Barton,
base,286,Prizms Gold,false,,Will Barton,
base,29,Prizms,false,,Nicolas Batum,
base,29,Prizms Green,false,,Nicolas Batum,
base,29,Prizms Gold,false,,Nicolas Batum,
base,221,Prizms,false,,Nolan Smith,
base,221,Prizms Green,false,,Nolan Smith,
base,221,Prizms Gold,false,,Nolan Smith,
base,99,Prizms,false,,J.J. Hickson,
base,99,Prizms Green,false,,J.J. Hickson,
base,99,Prizms Gold,false,,J.J. Hickson,
base,248,Prizms,false,,Meyers Leonard,
base,248,Prizms Green,false,,Meyers Leonard,
base,248,Prizms Gold,false,,Meyers Leonard,
base,67,Prizms,false,,Wesley Matthews,
base,67,Prizms Green,false,,Wesley Matthews,
base,67,Prizms Gold,false,,Wesley Matthews,
base,196,Prizms,false,,Bill Walton,
base,196,Prizms Green,false,,Bill Walton,
base,196,Prizms Gold,false,,Bill Walton,
auto-autographs,52,Prizms,true,,Will Barton,
base,274,Prizms,false,,Elliot Williams,
base,274,Prizms Green,false,,Elliot Williams,
base,274,Prizms Gold,false,,Elliot Williams,
insert-most-valuable-players,18,Prizms,false,,Bill Walton,
insert-most-valuable-players,18,Prizms Gold,false,,Bill Walton,
insert-most-valuable-players,18,Prizms Green,false,,Bill Walton,
base,245,Prizms,false,,Damian Lillard,
base,245,Prizms Green,false,,Damian Lillard,
base,245,Prizms Gold,false,,Damian Lillard,
auto-autographs,14,Prizms,true,,Meyers Leonard,
auto-autographs,39,Prizms,true,,Terry Porter,
base,13,Prizms,false,,LaMarcus Aldridge,
base,13,Prizms Green,false,,LaMarcus Aldridge,
base,13,Prizms Gold,false,,LaMarcus Aldridge,
auto-autographs,30,Prizms,true,,Peja Stojakovic,
auto-autographs,63,Prizms,true,,Thomas Robinson,
auto-autographs,36,Prizms,true,,Jimmer Fredette,
base,10,Prizms,false,,DeMarcus Cousins,
base,10,Prizms Green,false,,DeMarcus Cousins,
base,10,Prizms Gold,false,,DeMarcus Cousins,
base,212,Prizms,false,,Jimmer Fredette,
base,212,Prizms Green,false,,Jimmer Fredette,
base,212,Prizms Gold,false,,Jimmer Fredette,
auto-autographs,24,Prizms,true,,Tyler Honeycutt,
base,222,Prizms,false,,Isaiah Thomas,
base,222,Prizms Green,false,,Isaiah Thomas,
base,222,Prizms Gold,false,,Isaiah Thomas,
base,94,Prizms,false,,Jason Thompson,
base,94,Prizms Green,false,,Jason Thompson,
base,94,Prizms Gold,false,,Jason Thompson,
base,244,Prizms,false,,Thomas Robinson,
base,244,Prizms Green,false,,Thomas Robinson,
base,244,Prizms Gold,false,,Thomas Robinson,
base,44,Prizms,false,,Tyreke Evans,
base,44,Prizms Green,false,,Tyreke Evans,
base,44,Prizms Gold,false,,Tyreke Evans,
insert-finalists,8,Prizms Gold,false,,Tim Duncan,
insert-finalists,8,Prizms,false,,Tim Duncan,
insert-finalists,8,Prizms Green,false,,Tim Duncan,
insert-finalists,9,Prizms Gold,false,,David Robinson,
insert-finalists,9,Prizms,false,,David Robinson,
insert-finalists,9,Prizms Green,false,,David Robinson,
base,23,Prizms,false,,Matt Bonner,
base,23,Prizms Green,false,,Matt Bonner,
base,23,Prizms Gold,false,,Matt Bonner,
base,227,Prizms,false,,Cory Joseph,
base,227,Prizms Green,false,,Cory Joseph,
base,227,Prizms Gold,false,,Cory Joseph,
insert-most-valuable-players,11,Prizms,false,,David Robinson,
insert-most-valuable-players,11,Prizms Gold,false,,David Robinson,
insert-most-valuable-players,11,Prizms Green,false,,David Robinson,
base,120,Prizms,false,,Tony Parker,
base,120,Prizms Green,false,,Tony Parker,
base,120,Prizms Gold,false,,Tony Parker,
insert-finalists,38,Prizms Gold,false,,Michael Finley,
insert-finalists,38,Prizms,false,,Michael Finley,
insert-finalists,38,Prizms Green,false,,Michael Finley,
auto-autographs,23,Prizms,true,,Sean Elliott,
base,80,Prizms,false,,Manu Ginobili,
base,80,Prizms Green,false,,Manu Ginobili,
base,80,Prizms Gold,false,,Manu Ginobili,
insert-finalists,34,Prizms Gold,false,,Manu Ginobili,
insert-finalists,34,Prizms,false,,Manu Ginobili,
insert-finalists,34,Prizms Green,false,,Manu Ginobili,
base,191,Prizms,false,,George Gervin,
base,191,Prizms Green,false,,George Gervin,
base,191,Prizms Gold,false,,George Gervin,
base,209,Prizms,false,,Kawhi Leonard,
base,209,Prizms Green,false,,Kawhi Leonard,
base,209,Prizms Gold,false,,Kawhi Leonard,
base,49,Prizms,false,,Stephen Jackson,
base,49,Prizms Green,false,,Stephen Jackson,
base,49,Prizms Gold,false,,Stephen Jackson,
base,139,Prizms,false,,Tiago Splitter,
base,139,Prizms Green,false,,Tiago Splitter,
base,139,Prizms Gold,false,,Tiago Splitter,
base,101,Prizms,false,,Tim Duncan,
base,101,Prizms Green,false,,Tim Duncan,
base,101,Prizms Gold,false,,Tim Duncan,
insert-most-valuable-players,7,Prizms,false,,Tim Duncan,
insert-most-valuable-players,7,Prizms Gold,false,,Tim Duncan,
insert-most-valuable-players,7,Prizms Green,false,,Tim Duncan,
base,175,Prizms,false,,David Robinson,
base,175,Prizms Green,false,,David Robinson,
base,175,Prizms Gold,false,,David Robinson,
insert-finalists,23,Prizms Gold,false,,Tony Parker,
insert-finalists,23,Prizms,false,,Tony Parker,
insert-finalists,23,Prizms Green,false,,Tony Parker,
auto-autographs,67,Prizms,true,,Quincy Acy,
base,84,Prizms,false,,Kyle Lowry,
base,84,Prizms Green,false,,Kyle Lowry,
base,84,Prizms Gold,false,,Kyle Lowry,
base,239,Prizms,false,,Terrence Ross,
base,239,Prizms Green,false,,Terrence Ross,
base,239,Prizms Gold,false,,Terrence Ross,
auto-autographs,25,Prizms,true,,Jonas Valanciunas,
base,60,Prizms,false,,DeMar Derozan,
base,60,Prizms Green,false,,DeMar Derozan,
base,60,Prizms Gold,false,,DeMar Derozan,
base,46,Prizms,false,,Jose Calderon,
base,46,Prizms Green,false,,Jose Calderon,
base,46,Prizms Gold,false,,Jose Calderon,
base,280,Prizms,false,,Jonas Valanciunas,
base,280,Prizms Green,false,,Jonas Valanciunas,
base,280,Prizms Gold,false,,Jonas Valanciunas,
base,283,Prizms,false,,Quincy Acy,
base,283,Prizms Green,false,,Quincy Acy,
base,283,Prizms Gold,false,,Quincy Acy,
base,20,Prizms,false,,Andrea Bargnani,
base,20,Prizms Green,false,,Andrea Bargnani,
base,20,Prizms Gold,false,,Andrea Bargnani,
auto-autographs,20,Prizms,true,,Terrence Ross,
insert-usa-basketball,6,Prizms,false,,Andre Iguodala,
insert-usa-basketball,6,Prizms Gold,false,,Andre Iguodala,
insert-usa-basketball,6,Prizms Green,false,,Andre Iguodala,
insert-usa-basketball,1,Prizms,false,,Tyson Chandler,
insert-usa-basketball,1,Prizms Gold,false,,Tyson Chandler,
insert-usa-basketball,1,Prizms Green,false,,Tyson Chandler,
insert-usa-basketball,8,Prizms,false,,Kevin Love,
insert-usa-basketball,8,Prizms Gold,false,,Kevin Love,
insert-usa-basketball,8,Prizms Green,false,,Kevin Love,
insert-usa-basketball,11,Prizms,false,,Anthony Davis,
insert-usa-basketball,11,Prizms Gold,false,,Anthony Davis,
insert-usa-basketball,11,Prizms Green,false,,Anthony Davis,
insert-usa-basketball,5,Prizms,false,,Deron Williams,
insert-usa-basketball,5,Prizms Gold,false,,Deron Williams,
insert-usa-basketball,5,Prizms Green,false,,Deron Williams,
insert-usa-basketball,12,Prizms,false,,Carmelo Anthony,
insert-usa-basketball,12,Prizms Gold,false,,Carmelo Anthony,
insert-usa-basketball,12,Prizms Green,false,,Carmelo Anthony,
insert-usa-basketball,7,Prizms,false,,Kobe Bryant,
insert-usa-basketball,7,Prizms Gold,false,,Kobe Bryant,
insert-usa-basketball,7,Prizms Green,false,,Kobe Bryant,
insert-usa-basketball,4,Prizms,false,,Russell Westbrook,
insert-usa-basketball,4,Prizms Gold,false,,Russell Westbrook,
insert-usa-basketball,4,Prizms Green,false,,Russell Westbrook,
insert-usa-basketball,9,Prizms,false,,James Harden,
insert-usa-basketball,9,Prizms Gold,false,,James Harden,
insert-usa-basketball,9,Prizms Green,false,,James Harden,
insert-usa-basketball,10,Prizms,false,,Chris Paul,
insert-usa-basketball,10,Prizms Gold,false,,Chris Paul,
insert-usa-basketball,10,Prizms Green,false,,Chris Paul,
insert-usa-basketball,3,Prizms,false,,LeBron James,
insert-usa-basketball,3,Prizms Gold,false,,LeBron James,
insert-usa-basketball,3,Prizms Green,false,,LeBron James,
insert-usa-basketball,2,Prizms,false,,Kevin Durant,
insert-usa-basketball,2,Prizms Gold,false,,Kevin Durant,
insert-usa-basketball,2,Prizms Green,false,,Kevin Durant,
base,174,Prizms,false,,Kelly Tripucka,
base,174,Prizms Green,false,,Kelly Tripucka,
base,174,Prizms Gold,false,,Kelly Tripucka,
base,186,Prizms,false,,John Stockton,
base,186,Prizms Green,false,,John Stockton,
base,186,Prizms Gold,false,,John Stockton,
base,85,Prizms,false,,Gordon Hayward,
base,85,Prizms Green,false,,Gordon Hayward,
base,85,Prizms Gold,false,,Gordon Hayward,
base,25,Prizms,false,,Paul Millsap,
base,25,Prizms Green,false,,Paul Millsap,
base,25,Prizms Gold,false,,Paul Millsap,
base,105,Prizms,false,,Derrick Favors,
base,105,Prizms Green,false,,Derrick Favors,
base,105,Prizms Gold,false,,Derrick Favors,
insert-most-valuable-players,10,Prizms,false,,Karl Malone,
insert-most-valuable-players,10,Prizms Gold,false,,Karl Malone,
insert-most-valuable-players,10,Prizms Green,false,,Karl Malone,
base,126,Prizms,false,,Raja Bell,
base,126,Prizms Green,false,,Raja Bell,
base,126,Prizms Gold,false,,Raja Bell,
auto-autographs,38,Prizms,true,,Tom Chambers,
base,214,Prizms,false,,Enes Kanter,
base,214,Prizms Green,false,,Enes Kanter,
base,214,Prizms Gold,false,,Enes Kanter,
base,168,Prizms,false,,Karl Malone,
base,168,Prizms Green,false,,Karl Malone,
base,168,Prizms Gold,false,,Karl Malone,
base,204,Prizms,false,,Alec Burks,
base,204,Prizms Green,false,,Alec Burks,
base,204,Prizms Gold,false,,Alec Burks,
base,55,Prizms,false,,Al Jefferson,
base,55,Prizms Green,false,,Al Jefferson,
base,55,Prizms Gold,false,,Al Jefferson,
auto-autographs,69,Prizms,true,,Alec Burks,
base,118,Prizms,false,,Jordan Crawford,
base,118,Prizms Green,false,,Jordan Crawford,
base,118,Prizms Gold,false,,Jordan Crawford,
base,65,Prizms,false,,Emeka Okafor,
base,65,Prizms Green,false,,Emeka Okafor,
base,65,Prizms Gold,false,,Emeka Okafor,
base,224,Prizms,false,,Jan Vesely,
base,224,Prizms Green,false,,Jan Vesely,
base,224,Prizms Gold,false,,Jan Vesely,
auto-autographs,81,Prizms,true,,Shelvin Mack,
auto-autographs,97,Prizms,true,,Chris Singleton,
auto-autographs,48,Prizms,true,,Jan Vesely,
base,21,Prizms,false,,Martell Webster,
base,21,Prizms Green,false,,Martell Webster,
base,21,Prizms Gold,false,,Martell Webster,
base,22,Prizms,false,,John Wall,
base,22,Prizms Green,false,,John Wall,
base,22,Prizms Gold,false,,John Wall,
base,91,Prizms,false,,Nene,
base,91,Prizms Green,false,,Nene,
base,91,Prizms Gold,false,,Nene,
base,230,Prizms,false,,Shelvin Mack,
base,230,Prizms Green,false,,Shelvin Mack,
base,230,Prizms Gold,false,,Shelvin Mack,
base,238,Prizms,false,,Bradley Beal,
base,238,Prizms Green,false,,Bradley Beal,
base,238,Prizms Gold,false,,Bradley Beal,
auto-autographs,89,Prizms,true,,Bradley Beal,
base,220,Prizms,false,,Chris Singleton,
base,220,Prizms Green,false,,Chris Singleton,
base,220,Prizms Gold,false,,Chris Singleton,
base,146,Prizms,false,,Trevor Ariza,
base,146,Prizms Green,false,,Trevor Ariza,
base,146,Prizms Gold,false,,Trevor Ariza,
insert-most-valuable-players,22,Prizms,false,,Wes Unseld,
insert-most-valuable-players,22,Prizms Gold,false,,Wes Unseld,
insert-most-valuable-players,22,Prizms Green,false,,Wes Unseld,
